﻿SYMBOL,Date of listing
IBULHSGFIN,23-07-2013
YESBANK,12-07-2005
SBIN,01-03-1995
IDEA,09-03-2007
RELIANCE,29-11-1995
AXISBANK,16-11-1998
IGARASHI,09-10-2003
ICICIBANK,17-09-1997
HDFCBANK,08-11-1995
ZEEL,09-09-1998
BANKBARODA,19-02-1997
TATASTEEL,18-11-1998
BPCL,13-09-1995
TCS,25-08-2004
RNAM,06-11-2017
ISEC,04-04-2018
KOTAKBANK,20-12-1995
LT,23-06-2004
JINDALSTEL,29-12-1999
HDFCLIFE,17-11-2017
CANBK,23-12-2002
HCLTECH,06-01-2000
ITC,23-08-1995
INFY,08-02-1995
PNB,24-04-2002
HDFC,23-10-1996
BHARTIARTL,15-02-2002
TATAMOTORS,22-07-1998
HINDUNILVR,06-07-1995
TITAN,24-09-2004
BAJFINANCE,01-04-2003
RBL,20-06-2008
VEDL,13-05-1998
RBLBANK,31-08-2016
LICHSGFIN,29-07-1998
INDUSINDBK,28-01-1998
MARUTI,09-07-2003
JSWSTEEL,23-03-2005
DISHTV,18-04-2007
HDFCAMC,06-08-2018
ADANIGREEN,18-06-2018
ONGC,19-07-1995
L&TFH,12-08-2011
POWERGRID,05-10-2007
MARICO,01-05-1996
IDFCFIRSTB,06-11-2015
EXIDEIND,17-06-2003
SUNPHARMA,08-02-1995
ICICIGI,27-09-2017
DLF,05-07-2007
BANDHANBNK,27-03-2018
RANEHOLDIN,24-09-1997
KSCL,04-10-2007
RML,30-08-2005
APOLLOHOSP,10-01-1996
PVR,04-01-2006
FEDERALBNK,08-02-1995
ULTRACEMCO,24-08-2004
M&M,03-01-1996
ASHOKLEY,25-05-1995
UJJIVANSFB,12-12-2019
NTPC,05-11-2004
CIPLA,08-02-1995
COALINDIA,04-11-2010
FRETAIL,29-08-2016
ASIANPAINT,31-05-1995
SPICEJET,10-05-1995
DCAL,21-09-2017
UNIONBANK,24-09-2002
JUBLFOOD,08-02-2010
ADANIPORTS,27-11-2007
HINDALCO,08-01-1997
BHEL,11-11-2003
TECHM,28-08-2006
INFRATEL,28-12-2012
UPL,23-01-2004
BRITANNIA,05-11-1998
GAIL,02-04-1997
TATAGLOBAL,18-11-1998
SBILIFE,03-10-2017
HEROMOTOCO,11-04-2003
INDIGO,10-11-2015
MCDOWELL-N,27-09-2001
AUROPHARMA,19-07-2000
PETRONET,26-03-2004
BALRAMCHIN,08-02-1995
DEEPAKNTR,29-09-2010
JUSTDIAL,05-06-2013
M&MFIN,17-03-2006
IDFC,12-08-2005
IOC,24-07-1996
CARERATING,26-12-2012
NMDC,03-03-2008
SAIL,06-07-1995
CROMPTON,13-05-2016
MANAPPURAM,01-12-2014
ICICIPRULI,29-09-2016
DRREDDY,30-05-2003
