,Unnamed: 0,Unnamed: 1,Unnamed: 2,Unnamed: 3
1,Company,Old FV,New FV,Split Date
2,Datapro Info,10,2,25-12-2000
3,Jenson Nicholso,10,2,04-12-2000
4,Dabur India,10,1,27-11-2000
5,HCL Tech,4,2,27-11-2000
6,Cummins,10,2,20-11-2000
7,JIK Industries,10,1,13-11-2000
8,Morepen Lab,10,2,07-11-2000
9,Novartis India,10,5,06-11-2000
10,Mastek,10,5,26-10-2000
11,Moh Granites,10,1,03-10-2000
12,Cyberspace Info,10,2,26-09-2000
13,PharmaciaHealth,10,5,25-09-2000
14,Socrus Bio Scie,10,1,25-09-2000
15,Sonata,10,1,25-09-2000
16,Sterlite Ind,10,5,25-09-2000
17,Pan India Corp,10,1,18-09-2000
18,Kennametal,100,10,18-09-2000
19,Flextronics,10,5,11-09-2000
20,Vatsa Corp,10,1,30-08-2000
21,Eskay Knit,10,4,21-08-2000
22,Jayant Agro-Org,10,5,21-08-2000
23,Mahindra Satyam,10,2,07-08-2000
24,Elgi Equipments,10,1,02-08-2000
25,HUL,10,1,03-07-2000
26,Information Tec,10,5,19-06-2000
27,Computech Inter,10,5,15-05-2000
28,Vatsa Music,10,1,10-05-2000
29,BLB,10,1,02-05-2000
30,Dolat Investmen,10,1,02-05-2000
31,Polaris Consult,10,5,02-05-2000
32,Infosys,10,5,24-01-2000
