,Unnamed: 0,Unnamed: 1,Unnamed: 2,Unnamed: 3
1,Company,Old FV,New FV,Split Date
2,Socrus Bio Scie,1,10,10-12-2001
3,Eonour Tech,10,2,26-11-2001
4,Dr Reddys Labs,10,5,10-10-2001
5,SKF India,100,10,01-10-2001
6,DSJ Comm,10,1,10-09-2001
7,Credence Sound,10,2,10-09-2001
8,Pan India Corp,1,10,20-08-2001
9,Swasti Vinayaka,10,1,30-07-2001
10,Bhuvan Tripura,10,1,16-07-2001
11,Vatsa Education,10,1,02-07-2001
12,Top Telemedia,10,1,18-06-2001
13,Alka India,10,1,04-06-2001
14,Navyug Elect,10,1,28-05-2001
15,Infraquest Intl,10,1,28-05-2001
16,Kashyap Tele,10,1,30-04-2001
17,Hero Motocorp,10,2,12-03-2001
18,ATN Telefilms,10,2,26-02-2001
19,Database Fin,10,1,26-02-2001
20,Cistro Telelink,10,1,19-02-2001
21,Vikas WSP,10,1,22-01-2001
22,BITS,10,2,08-01-2001
23,Patel Eng,10,5,02-01-2001
24,Intl Paper APPM,100,10,01-01-2001
