,Unnamed: 0,Unnamed: 1,Unnamed: 2,Unnamed: 3
1,Company,Old FV,New FV,Split Date
2,Harvic Manage,10,1,31-12-2002
3,Oasis Media,10,1,30-12-2002
4,Sanyo Impex,10,1,18-12-2002
5,Media Matrix,10,1,15-11-2002
6,Jubilant Life,10,5,12-11-2002
7,Gufic Bio,10,1,29-10-2002
8,Motherson Sumi,10,5,22-10-2002
9,Goyal Associate,10,1,22-10-2002
10,Asahi India,10,1,08-10-2002
11,Innovision eCom,10,1,07-10-2002
12,Mega Corp,10,1,26-09-2002
13,Balaji Telefilm,10,2,23-09-2002
14,Arvind Remedies,10,1,23-09-2002
15,Dynacons Sys,10,2,19-09-2002
16,White Lion Asia,10,1,17-09-2002
17,Hit Kit Global,10,2,13-08-2002
18,Jump Networks,10,5,24-07-2002
19,Seagull Leafin,10,1,28-06-2002
20,Sanwaria Consum,10,5,11-06-2002
21,PTL Enterprises,100,10,27-05-2002
22,FDC,10,1,14-05-2002
23,Polson,100,50,10-04-2002
24,E.Star Info,10,2,27-03-2002
25,Panoramic Uni,10,5,13-03-2002
26,Smartlink Net,10,2,28-02-2002
27,Blue Chip,10,2,28-02-2002
28,Wadala,10,1,20-02-2002
29,Infraquest Intl,1,10,14-02-2002
30,Shiva Cement,10,2,30-01-2002
31,Top Telemedia,1,10,09-01-2002
32,Sterling Bio,10,2,07-01-2002
33,Soundcraft Ind,10,2,07-01-2002
34,Fourth Gen Info,10,2,07-01-2002
