,Unnamed: 0,Unnamed: 1,Unnamed: 2,Unnamed: 3
1,Company,Old FV,New FV,Split Date
2,Havells India,10,5,30-12-2003
3,Deccan Gold,10,1,22-12-2003
4,Jindal Steel,10,5,22-12-2003
5,TVS Motor,10,1,18-12-2003
6,Sagar Product,10,1,16-12-2003
7,Mirc Electronic,10,1,16-12-2003
8,LG Balakrishnan,10,1,09-12-2003
9,NESCO,100,10,04-12-2003
10,Baffin Engg,10,1,02-12-2003
11,Bayer CropScien,100,10,24-11-2003
12,Amardeep,10,1,18-11-2003
13,Shukun Cons,10,1,18-11-2003
14,Amraworld,10,1,18-11-2003
15,Ramco Cements,100,10,06-11-2003
16,Aurobindo Pharm,10,5,23-10-2003
17,Glenmark,10,2,23-10-2003
18,Platinum Corp,10,1,23-09-2003
19,T Spirutual,10,2,11-08-2003
20,Sun Techno,10,1,15-07-2003
21,Shalimar Prod,10,1,03-07-2003
22,Eltrol,10,1,22-04-2003
23,Syschem India,10,1,22-04-2003
24,Panacea Biotec,10,1,03-02-2003
25,Khyati Multimed,10,1,03-02-2003
26,Sat Ind,10,2,27-01-2003
27,Venus Universal,10,3,23-01-2003
28,Mafatlal Ind,100,10,22-01-2003
29,Sun Pharma,10,5,13-01-2003
30,Sunitee Chem,10,1,13-01-2003
