,Unnamed: 0,Unnamed: 1,Unnamed: 2,Unnamed: 3
1,Company,Old FV,New FV,Split Date
2,Piramal Enter,10,2,27-12-2004
3,Marsons,10,2,24-12-2004
4,SPML Infra,10,2,19-11-2004
5,Venlon Polyeste,10,5,27-10-2004
6,Patel Eng,5,1,25-10-2004
7,Amtek Auto,10,2,05-10-2004
8,Perfect Circle,8,1,23-09-2004
9,Indian Hume,100,10,24-08-2004
10,JTEKT India,10,2,24-08-2004
11,Berger Paints,10,2,24-08-2004
12,Carborundum,10,2,16-08-2004
13,Adani Enterpris,10,1,28-07-2004
14,Shanthi Gears,10,1,27-07-2004
15,JagsonpalPharma,10,5,20-07-2004
16,Bosch,100,10,08-07-2004
17,Ashok Leyland,10,1,28-06-2004
18,Cipla,10,2,11-05-2004
19,Bajaj Hindustha,10,1,28-04-2004
20,Wockhardt,10,5,28-04-2004
21,Radaan Media,10,2,08-04-2004
22,Addi Industries,10,5,06-04-2004
23,Hazoor,2,4,23-03-2004
24,Motherson Sumi,5,1,16-03-2004
25,Unichem Labs,10,5,16-03-2004
26,Suprajit Eng,10,5,16-03-2004
27,Jindal Stainles,10,2,01-03-2004
28,Bhansali Eng,10,1,16-02-2004
29,Emami,10,2,16-02-2004
30,HSIL,10,5,10-02-2004
31,Sundram,10,1,27-01-2004
32,Aftek,10,2,20-01-2004
33,Suven Life Sci,10,2,15-01-2004
