,Unnamed: 0,Unnamed: 1,Unnamed: 2,Unnamed: 3
1,Company,Old FV,New FV,Split Date
2,Sri Adhikari,10,2,30-12-2005
3,Gabriel India,10,1,30-12-2005
4,HSIL,5,2,30-12-2005
5,Smiths & Found,10,1,27-12-2005
6,Protochem,10,1,23-12-2005
7,G-Tech Info,10,1,21-12-2005
8,Sheetal Sec,10,1,19-12-2005
9,Phoenix Mills,100,10,09-12-2005
10,Madhucon Proj,10,2,02-12-2005
11,Ventura Text,10,1,02-12-2005
12,Bellary Steel,10,1,02-12-2005
13,Vertex Spinning,10,1,11-11-2005
14,Sundaram Multi,10,1,09-11-2005
15,Hind Constr,10,1,08-11-2005
16,Vidhi Spec,10,1,08-11-2005
17,Kitex Garments,10,1,07-11-2005
18,DMC Education,10,5,07-11-2005
19,Cranes Software,10,2,02-11-2005
20,Nandan Denim,10,1,02-11-2005
21,Jaipan Inds,10,1,02-11-2005
22,Linkhouse Ind,10,1,02-11-2005
23,Rujul Finance,10,2,31-10-2005
24,Gopala Poly,10,5,31-10-2005
25,Zenith Health,10,1,28-10-2005
26,Assam Company,10,1,28-10-2005
27,Divine Multi,10,1,27-10-2005
28,Globus Corp,10,2,27-10-2005
29,Dalmia Sugar,10,2,27-10-2005
30,Jayant Mercanti,10,1,27-10-2005
31,Sterling Webnet,10,1,26-10-2005
32,BAMPSL Sec,10,1,26-10-2005
33,Paras Petro,10,1,26-10-2005
34,Indo Pacific,10,1,26-10-2005
35,Sterling Intl,10,1,26-10-2005
36,Alchemist,10,1,26-10-2005
37,CHD Developers,10,2,26-10-2005
38,ISF,10,1,24-10-2005
39,ConfidencePetro,10,1,24-10-2005
40,Gangotri Textil,10,5,24-10-2005
41,Swasti Vinayaka,10,1,21-10-2005
42,Dishman Pharma,10,2,21-10-2005
43,Bisil Plast,10,1,20-10-2005
44,Kajaria Ceramic,10,2,19-10-2005
45,Luminaire Tech,10,1,18-10-2005
46,Himatsingka Sei,10,5,14-10-2005
47,Ontrack Systems,10,1,14-10-2005
48,Ultramarine,10,2,10-10-2005
49,Sintex Ind,10,2,10-10-2005
50,Taj GVK Hotels,10,2,10-10-2005
51,GFL,10,2,10-10-2005
52,DCM Shriram,10,2,07-10-2005
53,Newtime Infra,10,1,07-10-2005
54,Astra Microwave,10,2,07-10-2005
55,Empower India,10,1,06-10-2005
56,Manugraph Ind,10,2,03-10-2005
57,Millennium Cybe,10,1,03-10-2005
58,Veerhealth Care,10,1,28-09-2005
59,BLS Infotech,10,1,28-09-2005
60,UPL,10,2,27-09-2005
61,Sambhaav Media,10,1,26-09-2005
62,Nila Infra,10,1,26-09-2005
63,Jay BharatMarut,10,5,23-09-2005
64,Shrenuj and Co,10,2,23-09-2005
65,ITC,10,1,21-09-2005
66,DCW,10,2,20-09-2005
67,Pidilite Ind,10,1,20-09-2005
68,Chandni Textile,10,1,19-09-2005
69,KSL & Ind,10,4,16-09-2005
70,Bharat Bijlee,100,10,09-09-2005
71,Rajesh Exports,10,2,09-09-2005
72,Castex Tech,10,2,08-09-2005
73,Ind Tra Deco,10,1,02-09-2005
74,Hindalco,10,1,30-08-2005
75,Kedia Infotech,10,1,26-08-2005
76,Aeonian Pub,10,2,25-08-2005
77,NCC,10,2,24-08-2005
78,Nava Bharat Ven,10,2,24-08-2005
79,Sumeru Ind,10,1,22-08-2005
80,OM Metals Infra,10,1,22-08-2005
81,Koa Tools,10,2,19-08-2005
82,Shasun Pharma,10,2,19-08-2005
83,Mazda,10,2,18-08-2005
84,Praj Industries,10,2,17-08-2005
85,Orient Abrasive,10,1,16-08-2005
86,Lahoti Over,10,2,12-08-2005
87,Landmarc Corp,10,1,12-08-2005
88,Kirloskar Ind,10,2,10-08-2005
89,Kirloskar Bros,10,2,10-08-2005
90,Geometric,10,2,02-08-2005
91,Ranbaxy Labs,10,5,25-07-2005
92,Filmcity Media,10,1,25-07-2005
93,Faze Three Exp,10,2,22-07-2005
94,Mindvision Cap,10,5,21-07-2005
95,Bharat Forge,10,2,20-07-2005
96,Interface Fin,10,1,18-07-2005
97,Firstobject Tec,10,1,15-07-2005
98,Zigma Software,10,1,13-07-2005
99,HCL Info,10,2,08-07-2005
100,IKF Tech,10,1,04-07-2005
101,Asahi Infra,10,1,04-07-2005
102,IFSL,10,1,01-07-2005
103,Ugar Sugar Work,10,1,29-06-2005
104,SGN Cable,10,1,23-06-2005
105,Brijlaxmi Lease,10,1,22-06-2005
106,Hinafil India,10,1,20-06-2005
107,Ambuja Cements,10,2,20-06-2005
108,Systel Infotech,10,1,20-06-2005
109,Greenply Ind,10,5,16-06-2005
110,Diana Tea,10,2,13-06-2005
111,Sapan Chemicals,10,1,02-06-2005
112,Global Films,10,1,30-05-2005
113,Cat Technologie,10,1,30-05-2005
114,EID Parry,10,2,27-05-2005
115,Aban Offshore,10,2,04-05-2005
116,Ind-Swift,10,2,29-04-2005
117,Hexaware Tech,10,2,28-04-2005
118,Ruchinfra,10,1,21-04-2005
119,Kanika Infocom,10,2,15-04-2005
120,Aadhaar Venture,10,1,11-04-2005
121,JB Chemicals,10,2,05-04-2005
122,Balrampur Chini,10,1,23-03-2005
123,Krishna Life,10,1,22-03-2005
124,Eskay Knit,4,1,22-03-2005
125,Sterling Bio,2,1,18-03-2005
126,Shivalik Bimeta,10,2,15-03-2005
127,Gammon India,10,2,15-03-2005
128,LCC Infotech,10,2,14-03-2005
129,Fast Track,10,1,11-03-2005
130,Rico Auto,10,1,11-03-2005
131,Pondy Oxides,10,2,09-03-2005
132,Birlasoft,10,5,03-03-2005
133,Vishal Exports,5,1,25-02-2005
134,Trimline Invt,10,1,25-02-2005
135,Bhagyanagar Ind,10,2,24-02-2005
136,Surana Telecom,10,5,24-02-2005
137,Geodesic,10,2,18-02-2005
138,Interworld,10,1,14-02-2005
139,Silicon Valley,10,1,11-02-2005
140,Triveni Engg,10,1,08-02-2005
141,GV Films,10,1,08-02-2005
142,Mercator,10,1,24-01-2005
143,Vijay Textiles,10,1,19-01-2005
144,Doctor Biotech,10,1,18-01-2005
145,Matrix Lab,10,2,13-01-2005
