,Unnamed: 0,Unnamed: 1,Unnamed: 2,Unnamed: 3
1,Company,Old FV,New FV,Split Date
2,HT Media,10,2,28-12-2006
3,KEI Industries,10,2,21-12-2006
4,Lakshmi Energy,10,2,15-12-2006
5,Lakshmi Machine,100,10,13-12-2006
6,Future Ent,10,2,12-12-2006
7,FEL,10,2,12-12-2006
8,Graphite India,10,2,11-12-2006
9,Sanwaria Consum,5,2,08-12-2006
10,Transport Corp,10,2,05-12-2006
11,Alicon Castallo,10,5,04-12-2006
12,Jaipan Inds,1,10,24-11-2006
13,Supreme Tex,10,5,17-11-2006
14,Shreejal Info,10,1,14-11-2006
15,Mazda,2,10,13-11-2006
16,Indian Hotels,10,1,27-10-2006
17,GMM Pfaudler,10,2,20-10-2006
18,Ontrack Systems,1,10,19-10-2006
19,Cat Technologie,1,10,19-10-2006
20,Elecon Eng,10,2,17-10-2006
21,Munjal Showa,10,2,16-10-2006
22,Swan Energy,100,2,13-10-2006
23,Manali Petro,10,5,28-09-2006
24,Navneet,10,2,27-09-2006
25,Alembic,10,2,26-09-2006
26,Geojit Fin,10,1,26-09-2006
27,Voltas,10,1,22-09-2006
28,Blue Star,10,2,20-09-2006
29,Simplex Infra,10,2,13-09-2006
30,Panyam Cements,100,10,13-09-2006
31,EIH,10,2,12-09-2006
32,Exide Ind,10,1,08-09-2006
33,Hotel Leela,10,2,08-09-2006
34,Super Spinning,10,1,01-09-2006
35,Godrej Ind,6,1,25-08-2006
36,Godrej Consumer,4,1,24-08-2006
37,Gemini Comm,10,5,18-08-2006
38,GV Films,1,10,16-08-2006
39,CG Power,10,2,10-08-2006
40,SVC Resources,10,2,03-08-2006
41,Bajaj Hind Sug,10,1,31-07-2006
42,Anuh Pharma,10,5,31-07-2006
43,Cyient,10,5,28-07-2006
44,Jyoti Structure,10,2,28-07-2006
45,Unitech,10,2,23-06-2006
46,AstraZeneca,10,2,15-06-2006
47,Siemens,10,2,13-06-2006
48,United Brewerie,10,1,09-06-2006
49,Birla Capital,10,2,08-06-2006
50,Essel Propack,10,2,08-06-2006
51,Cholamandalam,10,2,31-05-2006
52,Monozyme,10,5,30-05-2006
53,Hind Dorr-Olive,10,2,26-05-2006
54,Grindwell Norto,10,5,26-05-2006
55,National Perox,100,10,26-05-2006
56,Ansal Propertie,10,5,10-05-2006
57,Sterlite Ind,5,2,05-05-2006
58,Mah Seamless,10,5,18-04-2006
59,AshirwadCapital,10,1,03-04-2006
60,Thermax,10,2,31-03-2006
61,Harig Crankshaf,10,1,29-03-2006
62,IVRCL,10,2,29-03-2006
63,Ashapura Mine,10,2,23-03-2006
64,Commex Tech,10,2,21-03-2006
65,Gati,10,2,21-03-2006
66,Jubilant Life,5,1,17-03-2006
67,Chemplast Sanma,10,1,08-03-2006
68,KCP Sugar,10,1,08-03-2006
69,Supertex Ind,10,1,08-03-2006
70,Jaybharat Text,10,5,03-03-2006
71,Vimta Labs,10,2,24-02-2006
72,Torrent Pharma,10,5,20-02-2006
73,VIP Clothing,10,2,16-02-2006
74,Religare Tech,10,5,15-02-2006
75,Lincoln Pharma,10,2,08-02-2006
76,Donear Ind,10,2,27-01-2006
77,Aarti Ind,10,5,13-01-2006
78,Netlink Sol,10,1,13-01-2006
79,Action Financia,10,1,10-01-2006
80,Radico Khaitan,10,2,06-01-2006
81,Guj Amb Exports,10,2,06-01-2006
82,Antarctica,10,1,06-01-2006
83,Prime Property,10,5,02-01-2006
84,Coromandel Int,10,2,02-01-2006
