,Unnamed: 0,Unnamed: 1,Unnamed: 2,Unnamed: 3
1,Company,Old FV,New FV,Split Date
2,Kanoria Chem,10,5,31-12-2007
3,Jaiprakash Asso,10,2,17-12-2007
4,Kriti Ind,10,1,13-12-2007
5,Chandni Textile,1,10,30-11-2007
6,Lancor Holdings,10,2,26-11-2007
7,Banco Products,10,2,23-11-2007
8,Subros,10,2,20-11-2007
9,Zigma Software,1,10,19-11-2007
10,Guj Mineral,10,2,08-11-2007
11,Vipul,10,2,29-10-2007
12,Ruchi Soya,10,2,29-10-2007
13,GOCL Corp,10,2,26-10-2007
14,West Coast Pap,10,2,26-10-2007
15,Sri Adhikari,2,10,25-10-2007
16,Faze Three Exp,2,10,24-10-2007
17,Birla Precision,10,2,24-10-2007
18,ICSA,10,2,23-10-2007
19,Advani Hotels,10,2,22-10-2007
20,Asian Electroni,10,5,22-10-2007
21,BL Kashyap,10,5,22-10-2007
22,Lloyds Metals,10,2,19-10-2007
23,Peninsula Land,10,2,16-10-2007
24,Arshiya,10,2,12-10-2007
25,Man Industries,10,5,09-10-2007
26,Anant Raj,10,2,08-10-2007
27,Compucom Soft,10,2,08-10-2007
28,Jai Corp,10,1,05-10-2007
29,Shilpa,10,2,28-09-2007
30,GMR Infra,10,2,28-09-2007
31,Batliboi,10,5,26-09-2007
32,Amara Raja Batt,10,2,19-09-2007
33,Electrosteel,10,1,17-09-2007
34,Ahluwalia,10,2,14-09-2007
35,Glenmark,2,1,10-09-2007
36,Usha Martin,5,1,29-08-2007
37,Hind Rectifiers,10,2,28-08-2007
38,NIIT,10,2,24-08-2007
39,Sanghvi Movers,10,2,23-08-2007
40,Everest Kanto,10,2,21-08-2007
41,Matra Realty,10,5,17-08-2007
42,Apollo Tyres,10,1,17-08-2007
43,Divis Labs,10,2,03-08-2007
44,Modison Metals,10,1,03-08-2007
45,Easun Reyrl,10,2,31-07-2007
46,Sun TV Network,10,5,23-07-2007
47,KS Oils,10,1,18-07-2007
48,Satra Prop,10,2,09-07-2007
49,Alchemist,1,10,05-07-2007
50,ABB India,10,2,28-06-2007
51,Bharat Seats,10,2,28-06-2007
52,CORE Education,10,2,06-06-2007
53,Huhtamaki PPL,10,2,25-05-2007
54,Thomas Cook,10,1,14-05-2007
55,Mirza Intl,10,2,24-04-2007
56,Action Financia,1,10,23-04-2007
57,Punj Lloyd,10,2,29-03-2007
58,NRB Bearings,10,2,26-03-2007
59,Suven Life Sci,2,1,23-03-2007
60,Minaxi Textiles,10,1,21-03-2007
61,Bombay SwadShar,10,2,20-03-2007
62,Sapan Chemicals,1,10,15-03-2007
63,Nirma,10,5,14-03-2007
64,Prime Urban Dev,10,2,13-03-2007
65,DeccanChronicle,10,2,13-03-2007
66,Max Financial,10,2,12-03-2007
67,Marico,10,1,21-02-2007
68,Gokaldas Export,10,5,08-02-2007
69,JIK Industries,1,10,07-02-2007
70,Paramount Comm,10,2,25-01-2007
71,Alka Secur,10,2,15-01-2007
72,Pondy Oxides,2,10,15-01-2007
73,Jaybharat Text,5,2,09-01-2007
74,CNI Research,10,1,08-01-2007
75,Finolex Cables,10,2,08-01-2007
76,Birlasoft,5,2,04-01-2007
