,Unnamed: 0,Unnamed: 1,Unnamed: 2,Unnamed: 3
1,Company,Old FV,New FV,Split Date
2,Allied Computer,10,1,19-12-2008
3,Jyothy Labs,5,1,12-12-2008
4,Koffee Break,10,1,08-12-2008
5,State Bk Travan,100,10,05-12-2008
6,Sybly Ind,10,1,02-12-2008
7,Khyati Multimed,1,10,24-11-2008
8,Shri Dinesh Mil,100,10,20-11-2008
9,Nectar Life,10,1,12-11-2008
10,Jindal Drilling,10,5,06-11-2008
11,Ratnamani Metal,10,2,06-11-2008
12,Mobile Tele,10,1,31-10-2008
13,Time Techno,10,1,29-10-2008
14,Skyline Millars,10,1,27-10-2008
15,GE T&D India,10,2,22-10-2008
16,Country Club,10,2,15-10-2008
17,AIA Engineering,10,2,13-10-2008
18,State B Bikaner,100,10,07-10-2008
19,Provogue,10,2,03-10-2008
20,Ramco Cements,10,1,01-10-2008
21,Take Solutions,10,1,18-09-2008
22,Bafna Spinning,10,5,18-09-2008
23,Hercules Hoists,10,1,17-09-2008
24,Gemini Comm,5,1,17-09-2008
25,Era Infra Eng,10,2,17-09-2008
26,Adinath Bio-Lab,10,1,15-09-2008
27,AI Champdany,10,5,11-09-2008
28,JM Financial,10,1,08-09-2008
29,JTEKT India,2,1,02-09-2008
30,Mavens Biotech,10,1,25-08-2008
31,Kokuyo Camlin,10,1,22-08-2008
32,GS Auto,10,5,20-08-2008
33,IIFL Finance,10,2,08-08-2008
34,Vedanta,10,1,08-08-2008
35,Graviss Hosp,10,2,04-08-2008
36,Diana Tea,2,5,30-07-2008
37,Motilal Oswal,5,1,25-07-2008
38,Hatsun Agro,10,2,17-07-2008
39,Madras Aluminiu,10,2,17-07-2008
40,Tricom India,10,2,15-07-2008
41,Millennium Cybe,1,10,14-07-2008
42,Fast Track,1,10,14-07-2008
43,AB Money,10,1,11-07-2008
44,Eastern Silk,10,2,27-06-2008
45,MIC Electronics,10,2,27-06-2008
46,Tribhuvan House,10,5,02-06-2008
47,Cals Refineries,10,1,28-05-2008
48,Dollex Ind,10,5,12-05-2008
49,Tanla Solutions,2,1,02-05-2008
50,Evinix,10,1,29-04-2008
51,Alchemist Real,10,2,25-04-2008
52,CenturyPlyboard,10,1,24-04-2008
53,NMDC,10,1,10-04-2008
54,Shree Renuka,10,1,10-04-2008
55,Karuturi Global,10,1,04-04-2008
56,Crazy Infotech,10,1,28-03-2008
57,Super Tannery,10,2,19-03-2008
58,Gandhi Spl Tube,10,5,17-03-2008
59,Emco,10,2,14-03-2008
60,Action Const,10,2,13-03-2008
61,Pudumjee Ind,10,2,11-03-2008
62,Marksans Pharma,10,1,11-03-2008
63,Bliss GVS,10,1,11-03-2008
64,PTL Enterprises,10,2,25-02-2008
65,Walchandnagar,10,2,25-02-2008
66,TV18 Broadcast,10,2,21-02-2008
67,Triton Corp,2,1,18-02-2008
68,KPT Industries,10,5,14-02-2008
69,Phoenix Mills,10,2,13-02-2008
70,GVK Power,10,1,08-02-2008
71,Sanwaria Consum,2,1,04-02-2008
72,GFL,2,1,01-02-2008
73,Orient Paper,10,1,01-02-2008
74,Asian Films,10,1,30-01-2008
75,Rajesh Exports,2,1,29-01-2008
76,Modern India,10,2,25-01-2008
77,City Union Bank,10,1,23-01-2008
78,T Spirutual,2,10,23-01-2008
79,Cinevista,10,2,22-01-2008
80,Suzlon Energy,10,2,21-01-2008
81,Jindal Steel,5,1,21-01-2008
82,Delta Corp,10,1,15-01-2008
83,Classic Diamond,10,2,11-01-2008
84,GEE,10,2,10-01-2008
85,JagranPrakashan,10,2,09-01-2008
