,Unnamed: 0,Unnamed: 1,Unnamed: 2,Unnamed: 3
1,Company,Old FV,New FV,Split Date
2,Rujul Finance,2,10,31-12-2009
3,Nu Tek India,10,5,23-12-2009
4,Kanani Ind,10,5,22-12-2009
5,Firstobject Tec,1,10,22-12-2009
6,JK Lakshmi Cem,10,5,17-12-2009
7,Gennex Labs,10,1,14-12-2009
8,Jindal Saw,10,2,10-12-2009
9,Intl Conveyor,10,1,10-12-2009
10,Kwality,10,1,10-12-2009
11,Munoth Capital,10,5,09-12-2009
12,Ashco Niulab,10,1,08-12-2009
13,Flawless Diamon,10,1,03-12-2009
14,Vintron Ind,10,1,27-11-2009
15,HBL Power,10,1,24-11-2009
16,Sigrun Holdings,10,1,19-11-2009
17,Allcargo,10,2,19-11-2009
18,Hind Nat Glass,10,2,12-11-2009
19,Allied Digital,10,5,11-11-2009
20,Madhucon Proj,2,1,05-11-2009
21,Yantra Natural,10,1,04-11-2009
22,Vinati Organics,10,2,30-10-2009
23,Baba Arts,4,1,29-10-2009
24,KCL Infrra,100,2,29-10-2009
25,Sturdy Ind,10,2,29-10-2009
26,Educomp Sol,10,2,27-10-2009
27,Gammon Infra,10,2,26-10-2009
28,REI Six Ten,10,2,26-10-2009
29,Birla Cotsyn,10,1,23-10-2009
30,FCS Software,10,1,15-10-2009
31,Trimurthi,10,1,15-10-2009
32,Comfort,10,1,14-10-2009
33,Marsons,2,10,14-10-2009
34,Gokul Refoils,10,2,14-10-2009
35,Sunteck Realty,10,2,09-10-2009
36,Supertex Ind,10,1,08-10-2009
37,Menon Bearings,10,5,08-10-2009
38,GMR Infra,2,1,01-10-2009
39,Arcotech,2,10,25-09-2009
40,SKS,2,10,25-09-2009
41,Falcon Tyres,10,5,25-09-2009
42,Winsome Textile,10,1,24-09-2009
43,MVL,10,2,18-09-2009
44,Rajoo Engineers,10,1,17-09-2009
45,ILandFS,10,2,16-09-2009
46,Ramcoind,10,1,14-09-2009
47,Anjani Synth,10,1,08-09-2009
48,Veer Energy,10,1,04-09-2009
49,SJ Corporation,10,1,28-08-2009
50,Zyden Gentec,10,1,27-08-2009
51,Ashtavinayak,10,1,20-08-2009
52,ACIL Cotton Ind,10,5,14-08-2009
53,KGN Industries,10,1,07-08-2009
54,Austral Coke,10,1,07-08-2009
55,Avance Tech,10,1,03-08-2009
56,Radhe Developer,10,1,30-07-2009
57,Bharti Airtel,10,5,24-07-2009
58,JMD Ventures,10,1,03-07-2009
59,Indiaco Venture,10,2,19-06-2009
60,Good Luck,10,2,12-06-2009
61,Anus Labs,10,1,11-05-2009
62,Alka Secur,2,1,06-05-2009
63,Birla Power Sol,10,1,24-04-2009
64,AMJ Land,10,2,23-03-2009
65,Lincoln Pharma,2,10,19-03-2009
66,Sarang Chem,10,1,17-03-2009
67,Coral Hub,10,1,27-02-2009
68,Trinethra Infra,10,2,26-02-2009
69,Rei Agro,10,1,05-02-2009
70,Spectacle,10,1,23-01-2009
71,Sanraa Media,10,1,20-01-2009
72,State Bk Mysore,100,10,07-01-2009
73,Texmaco Infra,10,1,01-01-2009
