,Unnamed: 0,Unnamed: 1,Unnamed: 2,Unnamed: 3
1,Company,Old FV,New FV,Split Date
2,KEC Intl,10,2,30-12-2010
3,LIC Housing Fin,10,2,30-12-2010
4,SVC Resources,2,1,29-12-2010
5,Coromandel Int,2,1,23-12-2010
6,Surya Pharma,10,1,23-12-2010
7,EID Parry,2,1,23-12-2010
8,Balkrishna Ind,10,2,20-12-2010
9,Tribhuvan House,5,1,13-12-2010
10,ACIL Cotton Ind,5,1,09-12-2010
11,Sadbhav Engg,10,1,07-12-2010
12,Sun Pharma,5,1,25-11-2010
13,Greaves Cotton,10,2,24-11-2010
14,Balaji Amines,10,2,18-11-2010
15,MVL,2,1,16-11-2010
16,Somany Ceramics,10,2,11-11-2010
17,Oriental Hotels,10,1,10-11-2010
18,JVL Agro Ind,10,1,09-11-2010
19,Standard Batter,1,1,09-11-2010
20,Atlanta,10,2,08-11-2010
21,Himadri Special,10,1,08-11-2010
22,Global Cap Mkts,10,1,08-11-2010
23,Super Tannery,2,1,04-11-2010
24,Nitin Fire Prot,10,2,04-11-2010
25,Asahi Infra,1,10,03-11-2010
26,IFL Promoters,10,5,03-11-2010
27,Archies,10,2,02-11-2010
28,Paisalo Digital,2,1,29-10-2010
29,JISL,10,2,29-10-2010
30,Prime Focus,10,1,29-10-2010
31,Gangotri Iron,10,5,29-10-2010
32,Jain Irrigation,10,2,29-10-2010
33,Sintex Ind,2,1,27-10-2010
34,Genus Power,10,1,22-10-2010
35,Sezal Glass,10,1,21-10-2010
36,Unichem Labs,5,2,21-10-2010
37,Parsvnath,10,5,18-10-2010
38,Supreme Ind,10,2,18-10-2010
39,Ram Ratna Wires,10,5,14-10-2010
40,Responsive Ind,10,1,08-10-2010
41,Diamant Infra,10,2,07-10-2010
42,Rockon Fintech,10,5,06-10-2010
43,Trimurthi,1,10,04-10-2010
44,Aqua Logistics,10,1,01-10-2010
45,BL Kashyap,5,1,29-09-2010
46,Tirupati Sarjan,10,5,28-09-2010
47,Nissan Copper,10,1,27-09-2010
48,DB (Int) Stock,10,2,24-09-2010
49,Shree Nath Comm,10,1,24-09-2010
50,Mahalaxmi Rub,10,1,23-09-2010
51,Arihant Capital,10,5,23-09-2010
52,South Ind Bk,10,1,23-09-2010
53,Adani Ports,10,2,23-09-2010
54,Aarya Global,10,1,23-09-2010
55,Tata Steel BSL,10,2,21-09-2010
56,Ashco Niulab,1,10,21-09-2010
57,Resurgere Mines,10,1,15-09-2010
58,Astral Poly Tec,10,5,15-09-2010
59,Kotak Mahindra,10,5,13-09-2010
60,Kalpataru Power,10,2,08-09-2010
61,Britannia,10,2,08-09-2010
62,Shree Rang Mark,10,5,07-09-2010
63,KCP,10,1,02-09-2010
64,Dhanuka Agritec,10,2,02-09-2010
65,Apollo Hospital,10,5,02-09-2010
66,Indian Hume,10,2,30-08-2010
67,Lupin,10,2,27-08-2010
68,Redington,10,2,20-08-2010
69,HDFC,10,2,18-08-2010
70,Gemstone Inv,10,1,13-08-2010
71,Jayshree Tea,10,5,13-08-2010
72,Magma Fincorp,10,2,13-08-2010
73,Rainbow Papers,10,2,11-08-2010
74,Edelweiss,5,1,10-08-2010
75,Farmax India,5,1,03-08-2010
76,Pratibha Ind,10,2,30-07-2010
77,Luharuka Media,10,1,29-07-2010
78,MMTC Ltd,10,1,29-07-2010
79,Emami,2,1,21-07-2010
80,EICL,10,2,07-07-2010
81,Tulip Telecom,10,2,06-07-2010
82,Kriptol Ind,10,5,02-07-2010
83,Tata Global Bev,10,1,30-06-2010
84,Allied Computer,1,10,29-06-2010
85,Veritas,10,1,28-06-2010
86,Chartered Logis,10,1,23-06-2010
87,Genesys Int,10,5,23-06-2010
88,Sterlite Ind,2,1,21-06-2010
89,Bodal Chemicals,10,2,10-06-2010
90,Kabra Extrusion,10,5,17-05-2010
91,EngineersInd,10,5,06-05-2010
92,Vipul,2,1,04-05-2010
93,Manappuram Fin,10,2,03-05-2010
94,Tatia Global,10,1,22-04-2010
95,Unity Infraproj,10,2,07-04-2010
96,Paisalo Digital,10,2,05-04-2010
97,M&M,10,5,29-03-2010
98,Simmonds-Marsha,10,2,29-03-2010
99,KM Sugar Mills,10,2,26-03-2010
100,Ipca Labs,10,2,22-03-2010
101,Murli,10,2,18-03-2010
102,Suprajit Eng,5,1,18-03-2010
103,LG Balakrishnan,1,10,15-03-2010
104,Well Pack Paper,10,1,15-03-2010
105,India Sec,10,1,11-03-2010
106,Sterlite Techno,5,2,09-03-2010
107,Vaarad Ventures,10,2,09-03-2010
108,JMDE Packaging,10,1,26-02-2010
109,Basant Agro Tec,10,1,26-02-2010
110,Haldyn Glass,10,1,25-02-2010
111,Aishwarya Tele,10,5,24-02-2010
112,Assoc Stone,10,5,18-02-2010
113,KRBL,10,1,10-02-2010
114,CCCL,10,2,10-02-2010
115,Asian Films,1,10,04-02-2010
116,Bajaj Electric,10,2,28-01-2010
117,Farmax India,10,5,27-01-2010
118,Nakoda,10,5,22-01-2010
119,Visagar Polytex,10,1,21-01-2010
120,Winsome Yarns,10,1,21-01-2010
121,Mahan Ind,10,1,15-01-2010
122,Lanco Infratech,10,1,04-01-2010
