,Unnamed: 0,Unnamed: 1,Unnamed: 2,Unnamed: 3
1,Company,Old FV,New FV,Split Date
2,Munjal Auto Ind,10,2,29-12-2011
3,Odyssey Corp,10,5,23-12-2011
4,DPSC,10,1,15-12-2011
5,Santowin Corp,2,1,01-12-2011
6,GFL Financials,10,5,29-11-2011
7,Mah Polybutenes,10,1,14-11-2011
8,Sezal Glass,1,10,09-11-2011
9,Maximaa Systems,10,2,04-11-2011
10,Metkore Alloys,10,2,03-11-2011
11,Dynacons Sys,1,10,03-11-2011
12,VIP Industries,10,2,31-10-2011
13,Innovative Tech,10,1,28-10-2011
14,Blue Circle Ser,10,1,21-10-2011
15,Best Eastern,10,2,20-10-2011
16,Vertex Sec,10,2,17-10-2011
17,Carborundum,2,1,05-10-2011
18,Paisalo Digital,1,10,04-10-2011
19,BHEL,10,2,03-10-2011
20,Hatsun Agro,2,1,03-10-2011
21,Nissan Copper,1,10,29-09-2011
22,CRISIL,10,1,28-09-2011
23,Tata Power,10,1,26-09-2011
24,Khaitan Chem,10,1,14-09-2011
25,Tilak Ventures,10,1,13-09-2011
26,TML-D,10,2,12-09-2011
27,Tata Motors,10,2,12-09-2011
28,Banas Finance,10,1,12-09-2011
29,Vaarad Ventures,2,1,09-09-2011
30,Supertex Ind,1,10,07-09-2011
31,Nelcast,10,2,06-09-2011
32,Vijay Textiles,1,10,02-09-2011
33,Walchand People,100,10,30-08-2011
34,Rockon Fintech,5,1,25-08-2011
35,PI Industries,10,5,17-08-2011
36,CCL Internation,10,2,17-08-2011
37,Va Tech Wabag,5,2,16-08-2011
38,Grauer and Weil,10,1,11-08-2011
39,GCV Services,5,1,05-08-2011
40,Winsome Yarns,1,10,04-08-2011
41,Winsome Textile,1,10,15-07-2011
42,Rallis India,10,1,15-07-2011
43,Oricon Ent,10,2,14-07-2011
44,HDFC Bank,10,2,14-07-2011
45,Le Waterina,10,1,04-07-2011
46,Titan Company,10,1,23-06-2011
47,Cox & Kings,10,5,21-06-2011
48,Rasoya Protein,10,5,21-06-2011
49,Windsor,4,2,16-06-2011
50,Rain Industries,10,2,15-06-2011
51,LS Industries,10,1,14-06-2011
52,Chandni Textile,10,1,06-06-2011
53,Minal Ind,10,2,02-06-2011
54,Volant Tex,10,1,01-06-2011
55,Hindoostan Mill,100,10,25-05-2011
56,Santowin Corp,10,2,16-05-2011
57,Bajaj Consumer,5,1,05-05-2011
58,Intellivate Cap,10,1,27-04-2011
59,Bafna Spinning,5,1,13-04-2011
60,Nouveau Global,10,1,07-04-2011
61,Tuni Textile,10,1,07-04-2011
62,Dazzel Confi,10,1,31-03-2011
63,Ador Fontech,10,2,28-03-2011
64,Exelon Infra,10,5,24-03-2011
65,NALCO,10,5,15-03-2011
66,Hind Zinc,10,2,07-03-2011
67,Gujarat Metal,10,100,04-03-2011
68,Nicco Parks,10,1,24-02-2011
69,GCV Services,10,5,23-02-2011
70,Visagar Fin,10,2,21-02-2011
71,Jay Energy,10,2,14-02-2011
72,Glodyne Techno,10,6,10-02-2011
73,Aurobindo Pharm,5,1,10-02-2011
74,ONGC,10,5,08-02-2011
75,Aurum Soft,10,2,03-02-2011
76,Coral Hub,1,10,03-02-2011
77,Amrapali Ind,10,5,27-01-2011
78,APM Industries,10,2,27-01-2011
79,Rossell India,10,2,20-01-2011
80,Shoppers Stop,10,5,12-01-2011
81,Neueon Towers,5,1,10-01-2011
82,Prism Info,10,1,06-01-2011
