,Unnamed: 0,Unnamed: 1,Unnamed: 2,Unnamed: 3
1,Company,Old FV,New FV,Split Date
2,Anukaran Commer,10,1,27-12-2012
3,Ujaas Energy,10,1,21-12-2012
4,Global Infra,10,1,13-12-2012
5,Setubandhan Inf,10,1,13-12-2012
6,Nouveau Global,1,10,10-12-2012
7,Guj Narmada Fly,10,5,07-12-2012
8,Sunbright Stock,10,5,07-12-2012
9,Insta Finance,10,5,06-12-2012
10,Ruby Mills,10,5,22-11-2012
11,Nacl Industries,10,1,22-11-2012
12,Shalimar Paints,10,2,22-11-2012
13,Bombay Burmah,10,2,08-11-2012
14,Rockon Fintech,1,10,02-11-2012
15,Kanani Ind,5,1,01-11-2012
16,Sikozy Realtors,10,1,01-11-2012
17,Unno Industries,10,1,01-11-2012
18,SMS Techsoft,10,1,01-11-2012
19,Baroda Extrusio,10,1,31-10-2012
20,Bombay Dyeing,10,2,30-10-2012
21,Orissa Minerals,10,1,29-10-2012
22,Amrutanjan Heal,10,2,25-10-2012
23,Dhenu Buildcon,10,1,25-10-2012
24,Goenka Diamond,10,1,25-10-2012
25,DJS Stock,10,1,23-10-2012
26,Zyden Gentec,1,10,26-09-2012
27,Amara Raja Batt,2,1,25-09-2012
28,GSFC,10,2,20-09-2012
29,KMF Builders,10,5,17-08-2012
30,VTM,10,1,16-08-2012
31,Safal Herbs,10,1,09-08-2012
32,Ajanta Pharma,10,5,09-08-2012
33,Vandana,10,1,02-08-2012
34,Steelcast,10,5,25-07-2012
35,GRUH Finance,10,2,24-07-2012
36,Zylog Systems,10,5,29-06-2012
37,KCCL Plastic,10,2,18-06-2012
38,Resurgere Mines,1,10,14-06-2012
39,Alpha Graphic,10,5,13-06-2012
40,AVT Natural,10,1,07-06-2012
41,Wagend Infra,10,2,06-06-2012
42,Blazon Marbles,10,2,04-06-2012
43,Gravita India,10,2,25-05-2012
44,Indoco Remedies,10,2,17-05-2012
45,Arvind Remedies,1,10,14-05-2012
46,U. Y. Fincorp,10,5,03-05-2012
47,IndiaNivesh,10,1,18-04-2012
48,Vakrangee,10,1,12-04-2012
49,Anjani Synth,1,10,28-03-2012
50,JRI Industries,10,2,21-03-2012
51,Mahan Ind,1,10,09-03-2012
52,Nandan Denim,1,10,07-03-2012
53,Plastiblends,10,5,29-02-2012
54,Esaar (India),10,1,21-02-2012
55,Radhe Developer,1,10,15-02-2012
56,Camlin Fine,10,2,15-02-2012
57,Symphony,10,2,15-02-2012
58,Indian Infotech,10,1,02-02-2012
59,Nimbus Ind,10,5,27-01-2012
60,Anka Ind,5,10,13-01-2012
