,Unnamed: 0,Unnamed: 1,Unnamed: 2,Unnamed: 3
1,Company,Old FV,New FV,Split Date
2,Confidence Fin,10,1,30-12-2013
3,Universal Sec,10,5,26-12-2013
4,KDJ Holidayscap,10,2,26-12-2013
5,Bonanza Ind,10,5,19-12-2013
6,Aikyam Intellec,10,1,13-12-2013
7,First Financial,10,1,13-12-2013
8,CIL Nova Petro,5,10,05-12-2013
9,Kaiser Corp,10,1,22-11-2013
10,Pazel Internati,10,1,22-11-2013
11,Relaxo Footwear,5,1,22-11-2013
12,Godrej Prop,10,5,21-11-2013
13,Best Eastern,2,1,14-11-2013
14,Lifeline Drugs,10,1,13-11-2013
15,Effingo Textile,10,1,13-11-2013
16,Shree Nath Comm,1,10,31-10-2013
17,Centron Ind,10,1,25-10-2013
18,Ashiana Housing,10,2,24-10-2013
19,Atharv Ent,10,1,18-10-2013
20,Federal Bank,10,2,17-10-2013
21,S R K Ind,10,5,11-10-2013
22,Dhanleela,10,2,10-10-2013
23,Rander Corp,10,1,09-10-2013
24,Kyra Landscapes,10,5,30-09-2013
25,Intel Cap Adv,10,1,30-09-2013
26,Supremex,10,1,30-09-2013
27,Ram Minerals,10,1,30-09-2013
28,Mayur Uniquoter,10,5,25-09-2013
29,Nyssa Corp,10,1,16-09-2013
30,Astral Poly Tec,5,2,05-09-2013
31,Syncom Formula,10,1,19-08-2013
32,CCL Products,10,2,19-08-2013
33,Virtual Global,10,1,14-08-2013
34,Apcotex Ind,10,5,14-08-2013
35,Neueon Towers,1,10,07-08-2013
36,Neueon Towers,1,10,07-08-2013
37,Asian Paints,10,1,30-07-2013
38,Kelvin Fincap,10,5,24-07-2013
39,IFL Promoters,5,1,11-07-2013
40,Advanta,10,2,05-07-2013
41,Centrum Capital,10,1,03-07-2013
42,Ashoka Buildcon,10,5,03-07-2013
43,Westlife Dev,10,2,12-06-2013
44,Midland Polymer,10,1,10-06-2013
45,Linkson Intl,10,5,06-06-2013
46,MSR India,10,5,31-05-2013
47,Pine Animation,10,1,17-05-2013
48,Mahavir Impex,10,5,17-05-2013
49,Veronica Prod,10,5,26-04-2013
50,Safal Sec,10,5,23-04-2013
51,PI Industries,5,1,12-04-2013
52,Shekhawati Poly,10,1,10-04-2013
53,Surabhi Chemica,10,1,10-04-2013
54,Sybly Ind,1,10,04-04-2013
55,Mindvision Cap,5,10,26-03-2013
56,Bil Energy,10,1,26-03-2013
57,Rasoya Protein,5,1,21-03-2013
58,GFL Financials,5,2,18-03-2013
59,Shree Shaleen,10,2,06-03-2013
60,Raj Rayon Ind,10,1,04-03-2013
61,VKS Projects,10,1,27-02-2013
62,M&M Financial,10,2,15-02-2013
63,PMC Fincorp,10,5,07-02-2013
64,Sulabh Engineer,10,1,04-02-2013
65,Frontline Sol,10,5,31-01-2013
66,Radford Global,10,2,29-01-2013
67,20 Microns,10,5,28-01-2013
68,ACI Infocom,10,1,23-01-2013
69,Moryo,10,5,14-01-2013
70,Global Cap Mkts,1,10,10-01-2013
71,Visesh Infotech,10,1,03-01-2013
