,Unnamed: 0,Unnamed: 1,Unnamed: 2,Unnamed: 3
1,Company,Old FV,New FV,Split Date
2,Apollo Tricoat,10,2,31-12-2014
3,Info Drive Soft,10,1,24-12-2014
4,Shivamshree Bus,10,1,24-12-2014
5,Omansh Ente,10,2,24-12-2014
6,PNB,10,2,18-12-2014
7,Inceptum Ent,10,1,18-12-2014
8,JK Tyre & Ind,10,2,18-12-2014
9,Syschem India,1,10,12-12-2014
10,ICICI Bank,10,2,04-12-2014
11,Godfrey Phillip,10,2,28-11-2014
12,Roto Pumps,10,2,27-11-2014
13,Classic Global,10,1,27-11-2014
14,Surana Solar,10,5,25-11-2014
15,Surana Telecom,5,1,25-11-2014
16,Zen Tech,10,1,21-11-2014
17,Sanguine Media,10,1,20-11-2014
18,Excel Castronic,10,2,20-11-2014
19,SBI,10,1,20-11-2014
20,Solis Marketing,10,1,18-11-2014
21,NCL Research,10,2,17-11-2014
22,Achal Invest,10,1,12-11-2014
23,Shivam Auto,10,2,30-10-2014
24,GCM Securities,10,1,28-10-2014
25,Kridhan Infra,10,2,27-10-2014
26,PMC Fincorp,5,1,22-10-2014
27,Midas Infra,10,1,21-10-2014
28,Sequel e-Router,1,10,17-10-2014
29,Negotium Int,10,1,16-10-2014
30,JBM Auto,10,5,08-10-2014
31,Veronica Prod,5,1,08-10-2014
32,Risa Intl,10,2,07-10-2014
33,Sudarshan Chem,10,2,30-09-2014
34,Astral Poly Tec,2,1,25-09-2014
35,Mah Corporation,10,1,25-09-2014
36,La Opala RG,10,2,24-09-2014
37,Southern Ispat,10,1,22-09-2014
38,Vertex Spinning,1,10,19-09-2014
39,Panama Petro,10,2,19-09-2014
40,Atul Auto,10,5,12-09-2014
41,Allied Computer,10,1,11-09-2014
42,Alkyl Amines,10,5,08-09-2014
43,Camlin Fine,2,1,04-09-2014
44,JK Bank,10,1,04-09-2014
45,PS IT Infra,10,1,03-09-2014
46,Man Infra,10,2,28-08-2014
47,Havells India,5,1,26-08-2014
48,Zodiac Ventures,10,1,21-08-2014
49,Mukta Agri,10,1,14-08-2014
50,Mystic Electr,10,1,14-08-2014
51,Alps Motor Fin,10,1,04-08-2014
52,Axis Bank,10,2,28-07-2014
53,Swadeshi Ind,10,1,02-07-2014
54,Orosil Smiths,10,5,26-06-2014
55,Thacker,5,1,24-06-2014
56,Deepak Nitrite,10,2,20-06-2014
57,Greencrest Fin,10,1,05-06-2014
58,Trinity Trade,10,1,23-05-2014
59,Rekvina Labs,10,5,30-04-2014
60,Kriptol Ind,5,10,23-04-2014
61,Cubical Fin Ser,10,2,23-04-2014
62,Matra Kaushal,10,1,23-04-2014
63,Swagruha Infra,10,1,04-04-2014
64,CHL,10,2,03-04-2014
65,Vikas Ecotech,10,1,27-03-2014
66,Raj Television,10,5,25-03-2014
67,Aarya Global,1,10,19-03-2014
68,Vishvjyoti Trad,10,1,19-03-2014
69,Premier Cap,10,1,19-03-2014
70,Atlanta Infra,10,1,14-03-2014
71,Him Teknoforge,10,2,03-03-2014
72,Finkurve Fin,10,1,26-02-2014
73,R Systems Intl,10,1,26-02-2014
74,Sharon Bio Medi,10,2,20-02-2014
75,Swan Energy,2,1,03-02-2014
76,Sam Leaseco,10,1,29-01-2014
77,Kaveri Seed,10,2,27-01-2014
78,BS Limited,10,1,21-01-2014
79,Mishka Finance,10,1,16-01-2014
80,Cressanda Sol,10,1,13-01-2014
81,Thacker,10,5,10-01-2014
82,Maa Jagdambe,10,2,09-01-2014
83,Nivyah Infra,10,100,07-01-2014
