,Unnamed: 0,Unnamed: 1,Unnamed: 2,Unnamed: 3
1,Company,Old FV,New FV,Split Date
2,Chaman Lal Seti,10,2,29-12-2015
3,MFL India,10,1,22-12-2015
4,Indian Terrain,10,2,21-12-2015
5,SMS Pharma,10,1,17-12-2015
6,Setco Auto,10,2,16-12-2015
7,Citizen Yarns,10,5,16-12-2015
8,Noble Polymers,10,5,16-12-2015
9,Jackson Invt,10,1,15-12-2015
10,Khoobsurat,10,1,14-12-2015
11,J Kumar Infra,10,5,10-12-2015
12,CCL Internation,2,10,04-12-2015
13,Jamna Auto,10,5,03-12-2015
14,Sharp Invest,10,1,02-12-2015
15,Vivid Global,10,5,02-12-2015
16,Sharp Invest,10,1,02-12-2015
17,Rander Corp,1,10,26-11-2015
18,Natco Pharma,10,2,26-11-2015
19,Avanti Feeds,10,2,26-11-2015
20,Assoc Stone,5,1,26-11-2015
21,Vitan Agro,10,1,26-11-2015
22,Shilpa,2,1,06-11-2015
23,Infronics Syst,5,10,05-11-2015
24,Mahalaxmi Rub,1,10,05-11-2015
25,Inceptum Ent,1,10,03-11-2015
26,Mahavir Ind,10,5,02-11-2015
27,Diligent Ind,10,5,30-10-2015
28,Kesar Petro,10,1,30-10-2015
29,Quasar India,1,10,29-10-2015
30,Sarla Performan,10,1,29-10-2015
31,Negotium Int,1,10,29-10-2015
32,Mudunuru,10,2,15-10-2015
33,Oripro,10,2,15-10-2015
34,Lambodhara Text,10,5,15-10-2015
35,Bata India,10,5,07-10-2015
36,Cadila Health,5,1,06-10-2015
37,Toyam Ind,10,1,05-10-2015
38,Alankit,10,2,23-09-2015
39,Samtex Fashions,10,2,22-09-2015
40,Aegis Logistics,10,1,16-09-2015
41,Urja Global,10,1,16-09-2015
42,Kushal,10,2,03-09-2015
43,ITD Cementation,10,1,21-08-2015
44,Signet Ind,10,1,17-08-2015
45,Kausambi Vanij,10,1,14-08-2015
46,High Ground Ent,10,1,16-07-2015
47,Birdhi Chand,10,1,02-07-2015
48,JMT Auto,10,2,25-06-2015
49,ASIS Logistics,100,1,12-06-2015
50,Fineotex Chem,10,2,11-06-2015
51,Sunstar Realty,10,1,04-06-2015
52,Elpro Int,10,2,04-06-2015
53,Rollatainers,10,2,04-06-2015
54,Kkalpana Ind,10,2,21-05-2015
55,Shri Mahalaxmi,10,5,18-05-2015
56,Rasi Electrodes,10,2,11-05-2015
57,Titagarh Wagons,10,2,23-04-2015
58,Indag Rubber,10,2,23-04-2015
59,Pitti Engineeri,10,5,16-04-2015
60,Arnold Holdings,10,2,16-04-2015
61,Menon Bearings,5,1,09-04-2015
62,Millennium,10,1,30-03-2015
63,KSS,10,1,30-03-2015
64,Rajlaxmi Ind,10,1,27-03-2015
65,Kansai Nerolac,10,1,26-03-2015
66,Panafic Ind,10,1,25-03-2015
67,Granules India,10,1,23-03-2015
68,Ajanta Pharma,5,2,20-03-2015
69,Tech Mahindra,10,5,19-03-2015
70,Monotype India,10,1,16-03-2015
71,Aplaya Creation,10,1,11-03-2015
72,Channel Nine,10,1,02-03-2015
73,Amines Plast,10,2,27-02-2015
74,Hikal,10,2,27-02-2015
75,Grandma Trading,10,1,26-02-2015
76,Bala Techno,10,1,25-02-2015
77,HPC Bio,10,1,20-02-2015
78,Zyden Gentec,10,2,18-02-2015
79,Yamini Invt,10,1,18-02-2015
80,Quasar India,10,1,12-02-2015
81,Esteem Bio,10,1,11-02-2015
82,Him Fibres,10,1,09-02-2015
83,Poly Medicure,10,5,02-02-2015
84,Tata Coffee,10,1,23-01-2015
85,Corporation Bk,10,2,22-01-2015
86,Bank of Baroda,10,2,22-01-2015
87,RS Software,10,5,21-01-2015
88,Berger Paints,2,1,08-01-2015
89,Eco Friendly,10,1,08-01-2015
90,Hathway Cable,10,2,06-01-2015
91,Minda Corp,10,2,05-01-2015
