,Unnamed: 0,Unnamed: 1,Unnamed: 2,Unnamed: 3
1,Company,Old FV,New FV,Split Date
2,Gulshan Poly,5,1,27-12-2016
3,Shree Global,5,1,21-12-2016
4,TTI Enterprise,2,10,21-12-2016
5,Alankit,2,1,15-12-2016
6,KNR Construct,10,2,13-12-2016
7,Satkar Finlease,10,1,08-12-2016
8,Chandni Textile,1,10,08-12-2016
9,Sunil HitechEng,10,1,01-12-2016
10,Veerhealth Care,1,10,29-11-2016
11,Mangalam Ind,10,1,29-11-2016
12,KPR Mill,10,5,29-11-2016
13,Capri Global,10,2,23-11-2016
14,Karur Vysya,10,2,17-11-2016
15,Indo Count,10,2,11-11-2016
16,Inani Marbles,10,2,10-11-2016
17,Vama Ind,10,2,02-11-2016
18,Gold Line,10,1,28-10-2016
19,Bhageria Indu,10,5,26-10-2016
20,Viji Finance,10,1,25-10-2016
21,Negotium Int,10,1,25-10-2016
22,VKJ Infra,10,1,25-10-2016
23,Menon Pistons,10,1,20-10-2016
24,Welcon Internat,10,1,20-10-2016
25,Caplin Labs,10,2,19-10-2016
26,Srestha Finvest,10,2,13-10-2016
27,Safal Sec,5,10,13-10-2016
28,Gyscoal Alloys,10,1,13-10-2016
29,Pact Industries,10,1,10-10-2016
30,8K Miles Soft,10,5,10-10-2016
31,Grasim,10,2,06-10-2016
32,Diamond Info,10,1,04-10-2016
33,Kajaria Ceramic,2,1,04-10-2016
34,Rollatainers,2,1,22-09-2016
35,JMT Auto,2,1,21-09-2016
36,Minda Ind,10,2,12-09-2016
37,Trent,10,1,12-09-2016
38,Mishtann Foods,10,1,08-09-2016
39,HICS Cements,10,1,08-09-2016
40,Bajaj Finance,10,2,08-09-2016
41,Chembond Chem,10,5,06-09-2016
42,V-Guard Ind,10,1,30-08-2016
43,Pil Italica,4,1,24-08-2016
44,PNC Infratech,10,2,12-08-2016
45,Kesar Terminals,10,5,11-08-2016
46,Bombay Wire Rop,10,1,09-08-2016
47,Lloyds Metals,2,1,26-07-2016
48,Solar Ind,10,2,13-07-2016
49,Lux Industries,10,2,06-06-2016
50,NBCC (India),10,2,02-06-2016
51,Transcorp Intl,10,2,13-05-2016
52,PS IT Infra,1,10,11-05-2016
53,Amba Enterprise,10,5,09-05-2016
54,Palred Tech,5,10,26-04-2016
55,ABM Knowledg,10,5,07-04-2016
56,Adithya Aqua,10,5,06-04-2016
57,Blue Cloud,10,5,06-04-2016
58,Vivimed Labs,10,2,06-04-2016
59,Uttam Value,5,1,28-03-2016
60,Veer Energy,1,10,22-03-2016
61,Synthiko Foils,10,5,22-03-2016
62,Synthiko Foils,10,5,22-03-2016
63,Welspun India,10,1,21-03-2016
64,Precision Wires,10,5,21-03-2016
65,Tide Water Oil,10,5,16-03-2016
66,Rama Steel Tube,10,5,14-03-2016
67,Prakash Steelag,10,1,03-03-2016
68,Bhandari Hosier,10,1,25-02-2016
69,Sequent Scienti,10,2,25-02-2016
70,Vegetable Prod,10,1,18-02-2016
71,Mold-Tek Pack,10,5,17-02-2016
72,Mold Tek Tech,10,2,17-02-2016
73,Mystic Electr,1,10,08-02-2016
74,Netlink Sol,1,10,28-01-2016
75,Mukta Agri,1,10,14-01-2016
76,Stampede Cap,10,1,07-01-2016
77,Greenply Ind,5,1,06-01-2016
