,Unnamed: 0,Unnamed: 1,Unnamed: 2,Unnamed: 3
1,Company,Old FV,New FV,Split Date
2,Confidence Fin,1,10,27-12-2017
3,Jindal Worldwid,10,5,26-12-2017
4,Premier Pipes,10,5,22-12-2017
5,Advik Capital,10,1,14-12-2017
6,JMD Ventures,1,10,04-12-2017
7,Universal Sec,5,1,04-12-2017
8,Akar Auto Indus,10,5,29-11-2017
9,Esaar (India),1,10,10-11-2017
10,IGL,10,2,09-11-2017
11,Jagdamba Polyme,10,1,01-11-2017
12,Atlas Cycles,10,5,30-10-2017
13,BAMPSL Sec,1,10,26-10-2017
14,Siyaram Silk,10,2,25-10-2017
15,Vishal Fabrics,10,5,24-10-2017
16,Blue Circle Ser,1,10,23-10-2017
17,Pokarna,10,2,18-10-2017
18,Dwekam Industri,1,10,16-10-2017
19,Can Fin Homes,10,2,12-10-2017
20,Heritage Foods,10,5,10-10-2017
21,Jamna Auto,5,1,05-10-2017
22,IND Renewable,1,10,29-09-2017
23,Everlon Synth,1,10,29-09-2017
24,Transformers,10,1,28-09-2017
25,Trans & Electr,10,1,28-09-2017
26,Elpro Int,2,1,27-09-2017
27,Sutlej Textiles,10,1,26-09-2017
28,Safari Ind,10,2,22-09-2017
29,Yes Bank,10,2,21-09-2017
30,NESCO,10,2,15-09-2017
31,Borosil Glass,10,1,14-09-2017
32,Deccan Cements,10,5,11-09-2017
33,Infibeam Avenue,10,1,31-08-2017
34,Dollar Ind,10,2,31-08-2017
35,Banas Finance,1,10,29-08-2017
36,Orosil Smiths,5,1,24-08-2017
37,Global Infra,1,10,23-08-2017
38,Dwarikesh Sugar,10,1,10-08-2017
39,Coral India Fin,10,2,03-08-2017
40,Sai Baba Invest,10,1,27-07-2017
41,Sunteck Realty,2,1,25-07-2017
42,Navin Fluorine,10,2,19-07-2017
43,Arcotech,10,2,22-06-2017
44,SKS,10,2,22-06-2017
45,Advanced Enzyme,10,2,25-05-2017
46,Hind Composites,10,5,25-05-2017
47,Mangal Credit,10,1,17-05-2017
48,HICS Cements,1,10,05-05-2017
49,Mishtann Foods,1,10,05-05-2017
50,Beardsell,10,2,04-05-2017
51,Dwekam Industri,10,1,28-04-2017
52,BLS Internation,10,1,26-04-2017
53,Avance Tech,1,10,24-04-2017
54,Maral Finance,1,10,13-04-2017
55,Ontic Finserve,1,10,13-04-2017
56,Veronica Prod,1,10,23-03-2017
57,SVC Resources,1,10,23-03-2017
58,Bharat Elec,10,1,16-03-2017
59,Viaan Ind,10,1,09-03-2017
60,Aadhaar Venture,1,10,02-03-2017
61,Nutraplus India,10,5,27-02-2017
62,Dwitiya Trading,10,2,17-02-2017
63,Allied Computer,1,10,17-02-2017
64,Compuage Info,10,2,16-02-2017
65,Gayatri Project,10,2,10-02-2017
66,LT Foods,10,1,07-02-2017
67,Rasoi,10,200,02-02-2017
68,Khemani Distrib,10,5,02-02-2017
69,Kallam Spinning,10,2,02-02-2017
70,Ushdev Intl,10,1,30-01-2017
71,Sanguine Media,1,10,19-01-2017
72,Sterling Tools,10,2,09-01-2017
73,JSW Steel,10,1,04-01-2017
