,Unnamed: 0,Unnamed: 1,Unnamed: 2,Unnamed: 3
1,Company,Old FV,New FV,Split Date
2,Sayaji Industri,10,5,27-12-2018
3,ORIENTAL AROMAT,10,5,13-12-2018
4,Britannia,2,1,29-11-2018
5,Mangal Credit,1,10,26-11-2018
6,Brijlaxmi Lease,1,10,15-11-2018
7,Oriental Veneer,10,1,14-11-2018
8,SEL,10,1,12-11-2018
9,KIC Metaliks,10,2,02-11-2018
10,Mishtann Foods,10,1,01-11-2018
11,HICS Cements,10,1,01-11-2018
12,DFM Foods,10,2,01-11-2018
13,Jindal Worldwid,5,1,31-10-2018
14,Damodar Ind,10,5,25-10-2018
15,Frontline Sec,10,5,22-10-2018
16,Colorchips New,1,10,22-10-2018
17,IEX,10,1,19-10-2018
18,Apollo Sindoori,10,5,12-10-2018
19,Unimode Oversea,1,10,11-10-2018
20,JMC Projects,10,2,04-10-2018
21,Kirloskar Pneum,10,2,26-09-2018
22,Captain Poly,10,2,19-09-2018
23,Generic Eng,10,5,17-09-2018
24,Zensar Tech,10,2,07-09-2018
25,Thirumalai Chem,10,1,14-08-2018
26,Airan,10,2,14-08-2018
27,Signet Ind,1,10,13-08-2018
28,Fermenta Bio,10,5,08-08-2018
29,Gallantt Ispat,10,1,07-08-2018
30,Otco Intl,10,2,10-07-2018
31,Shrenik,10,2,09-07-2018
32,Filatex India,10,2,27-06-2018
33,Container Corp,10,5,26-06-2018
34,Avanti Feeds,2,1,26-06-2018
35,Uniply Ind,10,2,25-06-2018
36,Vikas Proppant,10,1,22-06-2018
37,United Spirits,10,2,15-06-2018
38,Swadeshi Ind,1,10,14-06-2018
39,B C Power Contr,10,2,14-06-2018
40,Lumax Auto Tech,10,2,07-06-2018
41,Gaekwar Mills,100,10,31-05-2018
42,Gala Global Prd,10,5,10-05-2018
43,Citurgia Bioche,10,2,26-04-2018
44,NBCC (India),2,1,25-04-2018
45,A Infra.,10,5,20-04-2018
46,Foods and Inns,10,1,19-04-2018
47,Shivalik Rasa,10,5,19-04-2018
48,Phillips Carbon,10,2,19-04-2018
49,Think Ink Studi,10,1,17-04-2018
50,Amrutanjan Heal,2,1,13-04-2018
51,Atharv Ent,1,10,12-04-2018
52,KCD Industries,10,5,10-04-2018
53,Marathon Realty,10,5,05-04-2018
54,India Nippon,10,5,21-03-2018
55,SRS Finance,10,1,09-02-2018
56,Singer India,10,2,17-01-2018
57,Super Crop Safe,10,2,04-01-2018
