,Unnamed: 0,Unnamed: 1,Unnamed: 2,Unnamed: 3
1,Company,Old FV,New FV,Split Date
2,Trident,10,1,13-12-2019
3,Rammaica,10,5,28-11-2019
4,Guj Cotex,10,5,22-11-2019
5,Himalaya Granit,10,5,08-11-2019
6,IST Ltd,10,5,01-11-2019
7,Amalgamated Ele,10,5,24-10-2019
8,Satia Ind,10,1,15-10-2019
9,PG Industry,10,5,14-10-2019
10,HDFC Bank,2,1,19-09-2019
11,Prime Industrie,10,5,12-09-2019
12,Master Trust,10,5,26-08-2019
13,Seshasayee Pape,10,2,19-08-2019
14,Sinnar Bidi,10,5,30-07-2019
15,Apcotex Ind,5,2,04-07-2019
16,Ekam Leasing,10,5,14-06-2019
17,Cholamandalam,10,2,14-06-2019
18,Jullundur Motor,10,2,14-05-2019
19,Orient Trade,10,2,07-05-2019
20,Madhav Copper,10,5,02-05-2019
21,Dhanleela,2,5,12-04-2019
22,Generic Pharmas,10,1,11-04-2019
23,Lesha Ind,10,1,11-04-2019
24,Woodsvilla,10,5,04-04-2019
25,ISGEC Heavy Eng,10,1,28-03-2019
26,Sai Baba Invest,1,10,28-03-2019
27,Kedia Construct,10,5,14-03-2019
28,Nitin Castings,10,5,14-03-2019
29,ISL Consulting,10,5,08-03-2019
30,Jam Shri Ranjit,10,1000,21-02-2019
31,Music Broadcast,10,2,20-02-2019
32,The Indian Wood,10,2,15-02-2019
33,Sadhana Nitro,10,5,29-01-2019
34,Comfort,1,10,24-01-2019
35,Gujarat Gas,10,2,15-01-2019
36,Acrysil India,10,2,10-01-2019
