Company,Old FV,New FV,Split Date,,,,
Tata Steel,100,10,23-10-1989,,Tata Steel,,TATASTEEL
Reliance Infra,100,10,19-10-1989,,Reliance I,,RELIANCE
Greaves Cotton,100,10,25-07-1990,,Greaves Co,,GREAVESCOT
Tayo Rolls,100,10,28-05-1990,,Tayo Rolls,,#N/A
Schaeffler Ind,100,10,23-03-1990,,Schaeffler,,SCHAEFFLER
Guj Steel Tubes,100,10,20-03-1990,,Guj Steel ,,#N/A
Ferro Alloys,100,10,02-03-1990,,Ferro Allo,,#N/A
Citadel Realty,100,10,15-01-1990,,Citadel Re,,#N/A
Standard Ind,100,10,05-01-1990,,Standard I,,SIL
Hindoostan Spg,250,10,23-12-1991,,Hindoostan,,#N/A
Sanofi India,100,10,18-11-1991,,Sanofi Ind,,SANOFI
Bajaj Hindustha,100,10,06-05-1991,,Bajaj Hind,,BAJAJHIND
Simplex Realty,50,10,06-05-1991,,Simplex Re,,#N/A
NELCO,100,10,14-12-1992,,NELCO,,#N/A
Saurashtra Cem,100,10,24-11-1992,,Saurashtra,,#N/A
Shree Vallabh,100,10,21-10-1992,,Shree Vall,,#N/A
Adarsh Chemical,100,10,23-07-1992,,Adarsh Che,,#N/A
SI Shipping,100,10,21-07-1992,,SI Shippin,,#N/A
Kochi Refin,100,10,15-07-1992,,Kochi Refi,,#N/A
SIV Industries,100,10,29-02-1992,,SIV Indust,,#N/A
Emco,100,10,28-02-1992,,Emco,,#N/A
Gujchem Distill,100,10,10-02-1992,,Gujchem Di,,#N/A
NRC,100,10,16-11-1993,,NRC,,#N/A
TorrentPowerAEC,100,10,13-11-1993,,TorrentPow,,#N/A
TorrentPowerSEC,100,10,20-10-1993,,TorrentPow,,#N/A
Torrent Cab_D,100,10,16-03-1993,,Torrent Ca,,#N/A
Ruby Mills,100,10,25-01-1993,,Ruby Mills,,#N/A
Binani Ind,100,10,21-11-1994,,Binani Ind,,#N/A
Trans Freight,100,10,12-09-1994,,Trans Frei,,#N/A
Cipla,100,10,29-07-1994,,Cipla,,#N/A
Chicago Pneum,100,10,25-03-1994,,Chicago Pn,,#N/A
Shree Digvijay,100,10,24-11-1995,,Shree Digv,,SHREDIGCEM
Bombay Burmah,100,10,16-11-1995,,Bombay Bur,,BBTC
West Coast Pap,100,10,18-07-1995,,West Coast,,WSTCSTPAPR
Cellulose Prods,100,10,15-06-1995,,Cellulose ,,#N/A
Andhra Valley,100,10,23-05-1995,,Andhra Val,,#N/A
Tata Hydro,100,10,23-05-1995,,Tata Hydro,,#N/A
Tata Power,100,10,22-05-1995,,Tata Power,,TATAPOWER
Mangal Credit,100,10,23-03-1995,,Mangal Cre,,#N/A
NOCIL,100,10,10-03-1995,,NOCIL,,#N/A
Killick Nixon,100,10,09-03-1995,,Killick Ni,,#N/A
Bajaj Electric,100,10,20-01-1995,,Bajaj Elec,,BAJAJELEC
Cabot India,100,10,10-12-1996,,Cabot Indi,,#N/A
KFA Corporation,100,10,20-08-1996,,KFA Corpor,,#N/A
Permanent Magne,100,10,16-05-1996,,Permanent ,,#N/A
Industrial Inv,100,10,09-04-1996,,Industrial,,IITL
Baroda Electric,100,10,05-02-1996,,Baroda Ele,,#N/A
Lakshmi Finance,100,10,01-01-1996,,Lakshmi Fi,,LFIC
Baroda Rayon,100,10,13-02-1997,,Baroda Ray,,#N/A
Zee Entertain,10,1,06-12-1999,,Zee Entert,,ZEEL
Wipro,10,2,27-09-1999,,Wipro,,#N/A
Datapro Info,10,2,25-12-2000,,Datapro In,,#N/A
Jenson Nicholso,10,2,04-12-2000,,Jenson Nic,,#N/A
Dabur India,10,1,27-11-2000,,Dabur Indi,,DABUR
HCL Tech,4,2,27-11-2000,,HCL Tech,,#N/A
Cummins,10,2,20-11-2000,,Cummins,,#N/A
JIK Industries,10,1,13-11-2000,,JIK Indust,,JIKIND
Morepen Lab,10,2,07-11-2000,,Morepen La,,MOREPENLAB
Novartis India,10,5,06-11-2000,,Novartis I,,#N/A
Mastek,10,5,26-10-2000,,Mastek,,#N/A
Moh Granites,10,1,03-10-2000,,Moh Granit,,#N/A
Cyberspace Info,10,2,26-09-2000,,Cyberspace,,#N/A
PharmaciaHealth,10,5,25-09-2000,,PharmaciaH,,#N/A
Socrus Bio Scie,10,1,25-09-2000,,Socrus Bio,,#N/A
Sonata,10,1,25-09-2000,,Sonata,,#N/A
Sterlite Ind,10,5,25-09-2000,,Sterlite I,,#N/A
Pan India Corp,10,1,18-09-2000,,Pan India ,,#N/A
Kennametal,100,10,18-09-2000,,Kennametal,,KENNAMET
Flextronics,10,5,11-09-2000,,Flextronic,,#N/A
Vatsa Corp,10,1,30-08-2000,,Vatsa Corp,,#N/A
Eskay Knit,10,4,21-08-2000,,Eskay Knit,,#N/A
Jayant Agro-Org,10,5,21-08-2000,,Jayant Agr,,JAYAGROGN
Mahindra Satyam,10,2,07-08-2000,,Mahindra S,,#N/A
Elgi Equipments,10,1,02-08-2000,,Elgi Equip,,ELGIEQUIP
HUL,10,1,03-07-2000,,HUL,,#N/A
Information Tec,10,5,19-06-2000,,Informatio,,#N/A
Computech Inter,10,5,15-05-2000,,Computech ,,#N/A
Vatsa Music,10,1,10-05-2000,,Vatsa Musi,,#N/A
BLB,10,1,02-05-2000,,BLB,,#N/A
Dolat Investmen,10,1,02-05-2000,,Dolat Inve,,DOLAT
Polaris Consult,10,5,02-05-2000,,Polaris Co,,#N/A
Infosys,10,5,24-01-2000,,Infosys,,#N/A
Socrus Bio Scie,1,10,10-12-2001,,Socrus Bio,,#N/A
Eonour Tech,10,2,26-11-2001,,Eonour Tec,,#N/A
Dr Reddys Labs,10,5,10-10-2001,,Dr Reddys ,,#N/A
SKF India,100,10,01-10-2001,,SKF India,,#N/A
DSJ Comm,10,1,10-09-2001,,DSJ Comm,,#N/A
Credence Sound,10,2,10-09-2001,,Credence S,,#N/A
Pan India Corp,1,10,20-08-2001,,Pan India ,,#N/A
Swasti Vinayaka,10,1,30-07-2001,,Swasti Vin,,#N/A
Bhuvan Tripura,10,1,16-07-2001,,Bhuvan Tri,,#N/A
Vatsa Education,10,1,02-07-2001,,Vatsa Educ,,#N/A
Top Telemedia,10,1,18-06-2001,,Top Teleme,,#N/A
Alka India,10,1,04-06-2001,,Alka India,,#N/A
Navyug Elect,10,1,28-05-2001,,Navyug Ele,,#N/A
Infraquest Intl,10,1,28-05-2001,,Infraquest,,#N/A
Kashyap Tele,10,1,30-04-2001,,Kashyap Te,,#N/A
Hero Motocorp,10,2,12-03-2001,,Hero Motoc,,HEROMOTOCO
ATN Telefilms,10,2,26-02-2001,,ATN Telefi,,#N/A
Database Fin,10,1,26-02-2001,,Database F,,#N/A
Cistro Telelink,10,1,19-02-2001,,Cistro Tel,,#N/A
Vikas WSP,10,1,22-01-2001,,Vikas WSP,,#N/A
BITS,10,2,08-01-2001,,BITS,,#N/A
Patel Eng,10,5,02-01-2001,,Patel Eng,,#N/A
Intl Paper APPM,100,10,01-01-2001,,Intl Paper,,#N/A
Harvic Manage,10,1,31-12-2002,,Harvic Man,,#N/A
Oasis Media,10,1,30-12-2002,,Oasis Medi,,#N/A
Sanyo Impex,10,1,18-12-2002,,Sanyo Impe,,#N/A
Media Matrix,10,1,15-11-2002,,Media Matr,,#N/A
Jubilant Life,10,5,12-11-2002,,Jubilant L,,JUBILANT
Gufic Bio,10,1,29-10-2002,,Gufic Bio,,#N/A
Motherson Sumi,10,5,22-10-2002,,Motherson ,,MOTHERSUMI
Goyal Associate,10,1,22-10-2002,,Goyal Asso,,#N/A
Asahi India,10,1,08-10-2002,,Asahi Indi,,ASAHIINDIA
Innovision eCom,10,1,07-10-2002,,Innovision,,#N/A
Mega Corp,10,1,26-09-2002,,Mega Corp,,#N/A
Balaji Telefilm,10,2,23-09-2002,,Balaji Tel,,BALAJITELE
Arvind Remedies,10,1,23-09-2002,,Arvind Rem,,#N/A
Dynacons Sys,10,2,19-09-2002,,Dynacons S,,DSSL
White Lion Asia,10,1,17-09-2002,,White Lion,,#N/A
Hit Kit Global,10,2,13-08-2002,,Hit Kit Gl,,#N/A
Jump Networks,10,5,24-07-2002,,Jump Netwo,,JUMPNET
Seagull Leafin,10,1,28-06-2002,,Seagull Le,,#N/A
Sanwaria Consum,10,5,11-06-2002,,Sanwaria C,,SANWARIA
PTL Enterprises,100,10,27-05-2002,,PTL Enterp,,PTL
FDC,10,1,14-05-2002,,FDC,,#N/A
Polson,100,50,10-04-2002,,Polson,,#N/A
E.Star Info,10,2,27-03-2002,,E.Star Inf,,#N/A
Panoramic Uni,10,5,13-03-2002,,Panoramic ,,#N/A
Smartlink Net,10,2,28-02-2002,,Smartlink ,,SMARTLINK
Blue Chip,10,2,28-02-2002,,Blue Chip,,#N/A
Wadala,10,1,20-02-2002,,Wadala,,#N/A
Infraquest Intl,1,10,14-02-2002,,Infraquest,,#N/A
Shiva Cement,10,2,30-01-2002,,Shiva Ceme,,#N/A
Top Telemedia,1,10,09-01-2002,,Top Teleme,,#N/A
Sterling Bio,10,2,07-01-2002,,Sterling B,,#N/A
Soundcraft Ind,10,2,07-01-2002,,Soundcraft,,#N/A
Fourth Gen Info,10,2,07-01-2002,,Fourth Gen,,#N/A
Havells India,10,5,30-12-2003,,Havells In,,HAVELLS
Deccan Gold,10,1,22-12-2003,,Deccan Gol,,#N/A
Jindal Steel,10,5,22-12-2003,,Jindal Ste,,JINDALSTEL
TVS Motor,10,1,18-12-2003,,TVS Motor,,#N/A
Sagar Product,10,1,16-12-2003,,Sagar Prod,,#N/A
Mirc Electronic,10,1,16-12-2003,,Mirc Elect,,MIRCELECTR
LG Balakrishnan,10,1,09-12-2003,,LG Balakri,,LGBBROSLTD
NESCO,100,10,04-12-2003,,NESCO,,#N/A
Baffin Engg,10,1,02-12-2003,,Baffin Eng,,#N/A
Bayer CropScien,100,10,24-11-2003,,Bayer Crop,,BAYERCROP
Amardeep,10,1,18-11-2003,,Amardeep,,#N/A
Shukun Cons,10,1,18-11-2003,,Shukun Con,,#N/A
Amraworld,10,1,18-11-2003,,Amraworld,,#N/A
Ramco Cements,100,10,06-11-2003,,Ramco Ceme,,#N/A
Aurobindo Pharm,10,5,23-10-2003,,Aurobindo ,,AUROPHARMA
Glenmark,10,2,23-10-2003,,Glenmark,,#N/A
Platinum Corp,10,1,23-09-2003,,Platinum C,,#N/A
T Spirutual,10,2,11-08-2003,,T Spirutua,,#N/A
Sun Techno,10,1,15-07-2003,,Sun Techno,,#N/A
Shalimar Prod,10,1,03-07-2003,,Shalimar P,,SHALPAINTS
Eltrol,10,1,22-04-2003,,Eltrol,,#N/A
Syschem India,10,1,22-04-2003,,Syschem In,,#N/A
Panacea Biotec,10,1,03-02-2003,,Panacea Bi,,PANACEABIO
Khyati Multimed,10,1,03-02-2003,,Khyati Mul,,#N/A
Sat Ind,10,2,27-01-2003,,Sat Ind,,#N/A
Venus Universal,10,3,23-01-2003,,Venus Univ,,#N/A
Mafatlal Ind,100,10,22-01-2003,,Mafatlal I,,#N/A
Sun Pharma,10,5,13-01-2003,,Sun Pharma,,SPARC
Sunitee Chem,10,1,13-01-2003,,Sunitee Ch,,#N/A
Piramal Enter,10,2,27-12-2004,,Piramal En,,PEL
Marsons,10,2,24-12-2004,,Marsons,,#N/A
SPML Infra,10,2,19-11-2004,,SPML Infra,,SPMLINFRA
Venlon Polyeste,10,5,27-10-2004,,Venlon Pol,,#N/A
Patel Eng,5,1,25-10-2004,,Patel Eng,,#N/A
Amtek Auto,10,2,05-10-2004,,Amtek Auto,,#N/A
Perfect Circle,8,1,23-09-2004,,Perfect Ci,,#N/A
Indian Hume,100,10,24-08-2004,,Indian Hum,,INDIANHUME
JTEKT India,10,2,24-08-2004,,JTEKT Indi,,JTEKTINDIA
Berger Paints,10,2,24-08-2004,,Berger Pai,,BERGEPAINT
Carborundum,10,2,16-08-2004,,Carborundu,,CARBORUNIV
Adani Enterpris,10,1,28-07-2004,,Adani Ente,,ADANIENT
Shanthi Gears,10,1,27-07-2004,,Shanthi Ge,,SHANTIGEAR
JagsonpalPharma,10,5,20-07-2004,,JagsonpalP,,#N/A
Bosch,100,10,08-07-2004,,Bosch,,#N/A
Ashok Leyland,10,1,28-06-2004,,Ashok Leyl,,ASHOKLEY
Cipla,10,2,11-05-2004,,Cipla,,#N/A
Bajaj Hindustha,10,1,28-04-2004,,Bajaj Hind,,BAJAJHIND
Wockhardt,10,5,28-04-2004,,Wockhardt,,#N/A
Radaan Media,10,2,08-04-2004,,Radaan Med,,RADAAN
Addi Industries,10,5,06-04-2004,,Addi Indus,,#N/A
Hazoor,2,4,23-03-2004,,Hazoor,,#N/A
Motherson Sumi,5,1,16-03-2004,,Motherson ,,MOTHERSUMI
Unichem Labs,10,5,16-03-2004,,Unichem La,,UNICHEMLAB
Suprajit Eng,10,5,16-03-2004,,Suprajit E,,SUPRAJIT
Jindal Stainles,10,2,01-03-2004,,Jindal Sta,,JSL
Bhansali Eng,10,1,16-02-2004,,Bhansali E,,BEPL
Emami,10,2,16-02-2004,,Emami,,#N/A
HSIL,10,5,10-02-2004,,HSIL,,#N/A
Sundram,10,1,27-01-2004,,Sundram,,#N/A
Aftek,10,2,20-01-2004,,Aftek,,#N/A
Suven Life Sci,10,2,15-01-2004,,Suven Life,,SUVEN
Sri Adhikari,10,2,30-12-2005,,Sri Adhika,,SABTN
Gabriel India,10,1,30-12-2005,,Gabriel In,,GABRIEL
HSIL,5,2,30-12-2005,,HSIL,,#N/A
Smiths & Found,10,1,27-12-2005,,Smiths & F,,#N/A
Protochem,10,1,23-12-2005,,Protochem,,#N/A
G-Tech Info,10,1,21-12-2005,,G-Tech Inf,,#N/A
Sheetal Sec,10,1,19-12-2005,,Sheetal Se,,#N/A
Phoenix Mills,100,10,09-12-2005,,Phoenix Mi,,#N/A
Madhucon Proj,10,2,02-12-2005,,Madhucon P,,MADHUCON
Ventura Text,10,1,02-12-2005,,Ventura Te,,#N/A
Bellary Steel,10,1,02-12-2005,,Bellary St,,#N/A
Vertex Spinning,10,1,11-11-2005,,Vertex Spi,,#N/A
Sundaram Multi,10,1,09-11-2005,,Sundaram M,,SUNDARAM
Hind Constr,10,1,08-11-2005,,Hind Const,,#N/A
Vidhi Spec,10,1,08-11-2005,,Vidhi Spec,,VIDHIING
Kitex Garments,10,1,07-11-2005,,Kitex Garm,,KITEX
DMC Education,10,5,07-11-2005,,DMC Educat,,#N/A
Cranes Software,10,2,02-11-2005,,Cranes Sof,,#N/A
Nandan Denim,10,1,02-11-2005,,Nandan Den,,NDL
Jaipan Inds,10,1,02-11-2005,,Jaipan Ind,,#N/A
Linkhouse Ind,10,1,02-11-2005,,Linkhouse ,,#N/A
Rujul Finance,10,2,31-10-2005,,Rujul Fina,,#N/A
Gopala Poly,10,5,31-10-2005,,Gopala Pol,,#N/A
Zenith Health,10,1,28-10-2005,,Zenith Hea,,#N/A
Assam Company,10,1,28-10-2005,,Assam Comp,,#N/A
Divine Multi,10,1,27-10-2005,,Divine Mul,,#N/A
Globus Corp,10,2,27-10-2005,,Globus Cor,,#N/A
Dalmia Sugar,10,2,27-10-2005,,Dalmia Sug,,#N/A
Jayant Mercanti,10,1,27-10-2005,,Jayant Mer,,#N/A
Sterling Webnet,10,1,26-10-2005,,Sterling W,,#N/A
BAMPSL Sec,10,1,26-10-2005,,BAMPSL Sec,,#N/A
Paras Petro,10,1,26-10-2005,,Paras Petr,,#N/A
Indo Pacific,10,1,26-10-2005,,Indo Pacif,,#N/A
Sterling Intl,10,1,26-10-2005,,Sterling I,,#N/A
Alchemist,10,1,26-10-2005,,Alchemist,,#N/A
CHD Developers,10,2,26-10-2005,,CHD Develo,,#N/A
ISF,10,1,24-10-2005,,ISF,,#N/A
ConfidencePetro,10,1,24-10-2005,,Confidence,,CONFIPET
Gangotri Textil,10,5,24-10-2005,,Gangotri T,,GANGOTRI
Swasti Vinayaka,10,1,21-10-2005,,Swasti Vin,,#N/A
Dishman Pharma,10,2,21-10-2005,,Dishman Ph,,#N/A
Bisil Plast,10,1,20-10-2005,,Bisil Plas,,#N/A
Kajaria Ceramic,10,2,19-10-2005,,Kajaria Ce,,KAJARIACER
Luminaire Tech,10,1,18-10-2005,,Luminaire ,,#N/A
Himatsingka Sei,10,5,14-10-2005,,Himatsingk,,HIMATSEIDE
Ontrack Systems,10,1,14-10-2005,,Ontrack Sy,,#N/A
Ultramarine,10,2,10-10-2005,,Ultramarin,,#N/A
Sintex Ind,10,2,10-10-2005,,Sintex Ind,,SINTEX
Taj GVK Hotels,10,2,10-10-2005,,Taj GVK Ho,,TAJGVK
GFL,10,2,10-10-2005,,GFL,,#N/A
DCM Shriram,10,2,07-10-2005,,DCM Shrira,,DCMSHRIRAM
Newtime Infra,10,1,07-10-2005,,Newtime In,,#N/A
Astra Microwave,10,2,07-10-2005,,Astra Micr,,ASTRAMICRO
Empower India,10,1,06-10-2005,,Empower In,,#N/A
Manugraph Ind,10,2,03-10-2005,,Manugraph ,,MANUGRAPH
Millennium Cybe,10,1,03-10-2005,,Millennium,,#N/A
Veerhealth Care,10,1,28-09-2005,,Veerhealth,,#N/A
BLS Infotech,10,1,28-09-2005,,BLS Infote,,#N/A
UPL,10,2,27-09-2005,,UPL,,#N/A
Sambhaav Media,10,1,26-09-2005,,Sambhaav M,,SAMBHAAV
Nila Infra,10,1,26-09-2005,,Nila Infra,,NILAINFRA
Jay BharatMarut,10,5,23-09-2005,,Jay Bharat,,JAYBARMARU
Shrenuj and Co,10,2,23-09-2005,,Shrenuj an,,#N/A
ITC,10,1,21-09-2005,,ITC,,#N/A
DCW,10,2,20-09-2005,,DCW,,#N/A
Pidilite Ind,10,1,20-09-2005,,Pidilite I,,PIDILITIND
Chandni Textile,10,1,19-09-2005,,Chandni Te,,#N/A
KSL & Ind,10,4,16-09-2005,,KSL & Ind,,#N/A
Bharat Bijlee,100,10,09-09-2005,,Bharat Bij,,BBL
Rajesh Exports,10,2,09-09-2005,,Rajesh Exp,,RAJESHEXPO
Castex Tech,10,2,08-09-2005,,Castex Tec,,CASTEXTECH
Ind Tra Deco,10,1,02-09-2005,,Ind Tra De,,#N/A
Hindalco,10,1,30-08-2005,,Hindalco,,#N/A
Kedia Infotech,10,1,26-08-2005,,Kedia Info,,#N/A
Aeonian Pub,10,2,25-08-2005,,Aeonian Pu,,#N/A
NCC,10,2,24-08-2005,,NCC,,#N/A
Nava Bharat Ven,10,2,24-08-2005,,Nava Bhara,,NBVENTURES
Sumeru Ind,10,1,22-08-2005,,Sumeru Ind,,#N/A
OM Metals Infra,10,1,22-08-2005,,OM Metals ,,OMMETALS
Koa Tools,10,2,19-08-2005,,Koa Tools,,#N/A
Shasun Pharma,10,2,19-08-2005,,Shasun Pha,,#N/A
Mazda,10,2,18-08-2005,,Mazda,,#N/A
Praj Industries,10,2,17-08-2005,,Praj Indus,,PRAJIND
Orient Abrasive,10,1,16-08-2005,,Orient Abr,,ORIENTABRA
Lahoti Over,10,2,12-08-2005,,Lahoti Ove,,#N/A
Landmarc Corp,10,1,12-08-2005,,Landmarc C,,#N/A
Kirloskar Ind,10,2,10-08-2005,,Kirloskar ,,KECL
Kirloskar Bros,10,2,10-08-2005,,Kirloskar ,,KECL
Geometric,10,2,02-08-2005,,Geometric,,#N/A
Ranbaxy Labs,10,5,25-07-2005,,Ranbaxy La,,#N/A
Filmcity Media,10,1,25-07-2005,,Filmcity M,,#N/A
Faze Three Exp,10,2,22-07-2005,,Faze Three,,#N/A
Mindvision Cap,10,5,21-07-2005,,Mindvision,,#N/A
Bharat Forge,10,2,20-07-2005,,Bharat For,,BHARATFORG
Interface Fin,10,1,18-07-2005,,Interface ,,#N/A
Firstobject Tec,10,1,15-07-2005,,Firstobjec,,#N/A
Zigma Software,10,1,13-07-2005,,Zigma Soft,,#N/A
HCL Info,10,2,08-07-2005,,HCL Info,,#N/A
IKF Tech,10,1,04-07-2005,,IKF Tech,,#N/A
Asahi Infra,10,1,04-07-2005,,Asahi Infr,,#N/A
IFSL,10,1,01-07-2005,,IFSL,,#N/A
Ugar Sugar Work,10,1,29-06-2005,,Ugar Sugar,,#N/A
SGN Cable,10,1,23-06-2005,,SGN Cable,,#N/A
Brijlaxmi Lease,10,1,22-06-2005,,Brijlaxmi ,,#N/A
Hinafil India,10,1,20-06-2005,,Hinafil In,,#N/A
Ambuja Cements,10,2,20-06-2005,,Ambuja Cem,,AMBUJACEM
Systel Infotech,10,1,20-06-2005,,Systel Inf,,#N/A
Greenply Ind,10,5,16-06-2005,,Greenply I,,GREENPLY
Diana Tea,10,2,13-06-2005,,Diana Tea,,#N/A
Sapan Chemicals,10,1,02-06-2005,,Sapan Chem,,#N/A
Global Films,10,1,30-05-2005,,Global Fil,,#N/A
Cat Technologie,10,1,30-05-2005,,Cat Techno,,#N/A
EID Parry,10,2,27-05-2005,,EID Parry,,#N/A
Aban Offshore,10,2,04-05-2005,,Aban Offsh,,ABAN
Ind-Swift,10,2,29-04-2005,,Ind-Swift,,#N/A
Hexaware Tech,10,2,28-04-2005,,Hexaware T,,HEXAWARE
Ruchinfra,10,1,21-04-2005,,Ruchinfra,,#N/A
Kanika Infocom,10,2,15-04-2005,,Kanika Inf,,#N/A
Aadhaar Venture,10,1,11-04-2005,,Aadhaar Ve,,#N/A
JB Chemicals,10,2,05-04-2005,,JB Chemica,,JBCHEPHARM
Balrampur Chini,10,1,23-03-2005,,Balrampur ,,BALRAMCHIN
Krishna Life,10,1,22-03-2005,,Krishna Li,,#N/A
Eskay Knit,4,1,22-03-2005,,Eskay Knit,,#N/A
Sterling Bio,2,1,18-03-2005,,Sterling B,,#N/A
Shivalik Bimeta,10,2,15-03-2005,,Shivalik B,,#N/A
Gammon India,10,2,15-03-2005,,Gammon Ind,,#N/A
LCC Infotech,10,2,14-03-2005,,LCC Infote,,#N/A
Fast Track,10,1,11-03-2005,,Fast Track,,#N/A
Rico Auto,10,1,11-03-2005,,Rico Auto,,#N/A
Pondy Oxides,10,2,09-03-2005,,Pondy Oxid,,#N/A
Birlasoft,10,5,03-03-2005,,Birlasoft,,#N/A
Vishal Exports,5,1,25-02-2005,,Vishal Exp,,#N/A
Trimline Invt,10,1,25-02-2005,,Trimline I,,#N/A
Bhagyanagar Ind,10,2,24-02-2005,,Bhagyanaga,,BHAGYANGR
Surana Telecom,10,5,24-02-2005,,Surana Tel,,SURANAT&P
Geodesic,10,2,18-02-2005,,Geodesic,,#N/A
Interworld,10,1,14-02-2005,,Interworld,,#N/A
Silicon Valley,10,1,11-02-2005,,Silicon Va,,#N/A
Triveni Engg,10,1,08-02-2005,,Triveni En,,TRIVENI
GV Films,10,1,08-02-2005,,GV Films,,#N/A
Mercator,10,1,24-01-2005,,Mercator,,#N/A
Vijay Textiles,10,1,19-01-2005,,Vijay Text,,#N/A
Doctor Biotech,10,1,18-01-2005,,Doctor Bio,,#N/A
Matrix Lab,10,2,13-01-2005,,Matrix Lab,,#N/A
HT Media,10,2,28-12-2006,,HT Media,,#N/A
KEI Industries,10,2,21-12-2006,,KEI Indust,,KEI
Lakshmi Energy,10,2,15-12-2006,,Lakshmi En,,#N/A
Lakshmi Machine,100,10,13-12-2006,,Lakshmi Ma,,LAXMIMACH
Future Ent,10,2,12-12-2006,,Future Ent,,FEL
FEL,10,2,12-12-2006,,FEL,,#N/A
Graphite India,10,2,11-12-2006,,Graphite I,,GRAPHITE
Sanwaria Consum,5,2,08-12-2006,,Sanwaria C,,SANWARIA
Transport Corp,10,2,05-12-2006,,Transport ,,TCI
Alicon Castallo,10,5,04-12-2006,,Alicon Cas,,ALICON
Jaipan Inds,1,10,24-11-2006,,Jaipan Ind,,#N/A
Supreme Tex,10,5,17-11-2006,,Supreme Te,,#N/A
Shreejal Info,10,1,14-11-2006,,Shreejal I,,#N/A
Mazda,2,10,13-11-2006,,Mazda,,#N/A
Indian Hotels,10,1,27-10-2006,,Indian Hot,,#N/A
GMM Pfaudler,10,2,20-10-2006,,GMM Pfaudl,,GMMPFAUDLR
Ontrack Systems,1,10,19-10-2006,,Ontrack Sy,,#N/A
Cat Technologie,1,10,19-10-2006,,Cat Techno,,#N/A
Elecon Eng,10,2,17-10-2006,,Elecon Eng,,ELECON
Munjal Showa,10,2,16-10-2006,,Munjal Sho,,MUNJALSHOW
Swan Energy,100,2,13-10-2006,,Swan Energ,,SWANENERGY
Manali Petro,10,5,28-09-2006,,Manali Pet,,MANALIPETC
Navneet,10,2,27-09-2006,,Navneet,,#N/A
Alembic,10,2,26-09-2006,,Alembic,,#N/A
Geojit Fin,10,1,26-09-2006,,Geojit Fin,,GEOJITFSL
Voltas,10,1,22-09-2006,,Voltas,,#N/A
Blue Star,10,2,20-09-2006,,Blue Star,,#N/A
Simplex Infra,10,2,13-09-2006,,Simplex In,,SIMPLEXINF
Panyam Cements,100,10,13-09-2006,,Panyam Cem,,#N/A
EIH,10,2,12-09-2006,,EIH,,#N/A
Exide Ind,10,1,08-09-2006,,Exide Ind,,#N/A
Hotel Leela,10,2,08-09-2006,,Hotel Leel,,HOTELEELA
Super Spinning,10,1,01-09-2006,,Super Spin,,SUPERSPIN
Godrej Ind,6,1,25-08-2006,,Godrej Ind,,GODREJIND
Godrej Consumer,4,1,24-08-2006,,Godrej Con,,GODREJCP
Gemini Comm,10,5,18-08-2006,,Gemini Com,,#N/A
GV Films,1,10,16-08-2006,,GV Films,,#N/A
CG Power,10,2,10-08-2006,,CG Power,,#N/A
SVC Resources,10,2,03-08-2006,,SVC Resour,,#N/A
Bajaj Hind Sug,10,1,31-07-2006,,Bajaj Hind,,BAJAJHIND
Anuh Pharma,10,5,31-07-2006,,Anuh Pharm,,#N/A
Cyient,10,5,28-07-2006,,Cyient,,#N/A
Jyoti Structure,10,2,28-07-2006,,Jyoti Stru,,#N/A
Unitech,10,2,23-06-2006,,Unitech,,#N/A
AstraZeneca,10,2,15-06-2006,,AstraZenec,,ASTRAZEN
Siemens,10,2,13-06-2006,,Siemens,,#N/A
United Brewerie,10,1,09-06-2006,,United Bre,,UBL
Birla Capital,10,2,08-06-2006,,Birla Capi,,#N/A
Essel Propack,10,2,08-06-2006,,Essel Prop,,ESSELPACK
Cholamandalam,10,2,31-05-2006,,Cholamanda,,CHOLAFIN
Monozyme,10,5,30-05-2006,,Monozyme,,#N/A
Hind Dorr-Olive,10,2,26-05-2006,,Hind Dorr-,,#N/A
Grindwell Norto,10,5,26-05-2006,,Grindwell ,,GRINDWELL
National Perox,100,10,26-05-2006,,National P,,#N/A
Ansal Propertie,10,5,10-05-2006,,Ansal Prop,,ANSALAPI
Sterlite Ind,5,2,05-05-2006,,Sterlite I,,#N/A
Mah Seamless,10,5,18-04-2006,,Mah Seamle,,#N/A
AshirwadCapital,10,1,03-04-2006,,AshirwadCa,,#N/A
Thermax,10,2,31-03-2006,,Thermax,,#N/A
Harig Crankshaf,10,1,29-03-2006,,Harig Cran,,#N/A
IVRCL,10,2,29-03-2006,,IVRCL,,#N/A
Ashapura Mine,10,2,23-03-2006,,Ashapura M,,ASHAPURMIN
Commex Tech,10,2,21-03-2006,,Commex Tec,,#N/A
Gati,10,2,21-03-2006,,Gati,,#N/A
Jubilant Life,5,1,17-03-2006,,Jubilant L,,JUBILANT
Chemplast Sanma,10,1,08-03-2006,,Chemplast ,,#N/A
KCP Sugar,10,1,08-03-2006,,KCP Sugar,,#N/A
Supertex Ind,10,1,08-03-2006,,Supertex I,,#N/A
Jaybharat Text,10,5,03-03-2006,,Jaybharat ,,#N/A
Vimta Labs,10,2,24-02-2006,,Vimta Labs,,VIMTALABS
Torrent Pharma,10,5,20-02-2006,,Torrent Ph,,TORNTPHARM
VIP Clothing,10,2,16-02-2006,,VIP Clothi,,VIPCLOTHNG
Religare Tech,10,5,15-02-2006,,Religare T,,#N/A
Lincoln Pharma,10,2,08-02-2006,,Lincoln Ph,,LINCOLN
Donear Ind,10,2,27-01-2006,,Donear Ind,,DONEAR
Aarti Ind,10,5,13-01-2006,,Aarti Ind,,#N/A
Netlink Sol,10,1,13-01-2006,,Netlink So,,#N/A
Action Financia,10,1,10-01-2006,,Action Fin,,#N/A
Radico Khaitan,10,2,06-01-2006,,Radico Kha,,RADICO
Guj Amb Exports,10,2,06-01-2006,,Guj Amb Ex,,#N/A
Antarctica,10,1,06-01-2006,,Antarctica,,ANTGRAPHIC
Prime Property,10,5,02-01-2006,,Prime Prop,,#N/A
Coromandel Int,10,2,02-01-2006,,Coromandel,,COROMANDEL
Kanoria Chem,10,5,31-12-2007,,Kanoria Ch,,KANORICHEM
Jaiprakash Asso,10,2,17-12-2007,,Jaiprakash,,JPASSOCIAT
Kriti Ind,10,1,13-12-2007,,Kriti Ind,,#N/A
Chandni Textile,1,10,30-11-2007,,Chandni Te,,#N/A
Lancor Holdings,10,2,26-11-2007,,Lancor Hol,,#N/A
Banco Products,10,2,23-11-2007,,Banco Prod,,BANCOINDIA
Subros,10,2,20-11-2007,,Subros,,#N/A
Zigma Software,1,10,19-11-2007,,Zigma Soft,,#N/A
Guj Mineral,10,2,08-11-2007,,Guj Minera,,#N/A
Vipul,10,2,29-10-2007,,Vipul,,#N/A
Ruchi Soya,10,2,29-10-2007,,Ruchi Soya,,#N/A
GOCL Corp,10,2,26-10-2007,,GOCL Corp,,#N/A
West Coast Pap,10,2,26-10-2007,,West Coast,,WSTCSTPAPR
Sri Adhikari,2,10,25-10-2007,,Sri Adhika,,SABTN
Faze Three Exp,2,10,24-10-2007,,Faze Three,,#N/A
Birla Precision,10,2,24-10-2007,,Birla Prec,,#N/A
ICSA,10,2,23-10-2007,,ICSA,,#N/A
Advani Hotels,10,2,22-10-2007,,Advani Hot,,ADVANIHOTR
Asian Electroni,10,5,22-10-2007,,Asian Elec,,#N/A
BL Kashyap,10,5,22-10-2007,,BL Kashyap,,#N/A
Lloyds Metals,10,2,19-10-2007,,Lloyds Met,,#N/A
Peninsula Land,10,2,16-10-2007,,Peninsula ,,PENINLAND
Arshiya,10,2,12-10-2007,,Arshiya,,#N/A
Man Industries,10,5,09-10-2007,,Man Indust,,MANINDS
Anant Raj,10,2,08-10-2007,,Anant Raj,,#N/A
Compucom Soft,10,2,08-10-2007,,Compucom S,,COMPUSOFT
Jai Corp,10,1,05-10-2007,,Jai Corp,,#N/A
Shilpa,10,2,28-09-2007,,Shilpa,,#N/A
GMR Infra,10,2,28-09-2007,,GMR Infra,,#N/A
Batliboi,10,5,26-09-2007,,Batliboi,,#N/A
Amara Raja Batt,10,2,19-09-2007,,Amara Raja,,AMARAJABAT
Electrosteel,10,1,17-09-2007,,Electroste,,ELECTCAST
Ahluwalia,10,2,14-09-2007,,Ahluwalia,,#N/A
Glenmark,2,1,10-09-2007,,Glenmark,,#N/A
Usha Martin,5,1,29-08-2007,,Usha Marti,,UMESLTD
Hind Rectifiers,10,2,28-08-2007,,Hind Recti,,HIRECT
NIIT,10,2,24-08-2007,,NIIT,,#N/A
Sanghvi Movers,10,2,23-08-2007,,Sanghvi Mo,,SANGHVIMOV
Everest Kanto,10,2,21-08-2007,,Everest Ka,,EKC
Matra Realty,10,5,17-08-2007,,Matra Real,,#N/A
Apollo Tyres,10,1,17-08-2007,,Apollo Tyr,,APOLLOTYRE
Divis Labs,10,2,03-08-2007,,Divis Labs,,#N/A
Modison Metals,10,1,03-08-2007,,Modison Me,,#N/A
Easun Reyrl,10,2,31-07-2007,,Easun Reyr,,EASUNREYRL
Sun TV Network,10,5,23-07-2007,,Sun TV Net,,SUNTV
KS Oils,10,1,18-07-2007,,KS Oils,,#N/A
Satra Prop,10,2,09-07-2007,,Satra Prop,,#N/A
Alchemist,1,10,05-07-2007,,Alchemist,,#N/A
ABB India,10,2,28-06-2007,,ABB India,,#N/A
Bharat Seats,10,2,28-06-2007,,Bharat Sea,,#N/A
CORE Education,10,2,06-06-2007,,CORE Educa,,#N/A
Huhtamaki PPL,10,2,25-05-2007,,Huhtamaki ,,PAPERPROD
Thomas Cook,10,1,14-05-2007,,Thomas Coo,,THOMASCOOK
Mirza Intl,10,2,24-04-2007,,Mirza Intl,,#N/A
Action Financia,1,10,23-04-2007,,Action Fin,,#N/A
Punj Lloyd,10,2,29-03-2007,,Punj Lloyd,,PUNJLLOYD
NRB Bearings,10,2,26-03-2007,,NRB Bearin,,NRBBEARING
Suven Life Sci,2,1,23-03-2007,,Suven Life,,SUVEN
Minaxi Textiles,10,1,21-03-2007,,Minaxi Tex,,#N/A
Bombay SwadShar,10,2,20-03-2007,,Bombay Swa,,#N/A
Sapan Chemicals,1,10,15-03-2007,,Sapan Chem,,#N/A
Nirma,10,5,14-03-2007,,Nirma,,#N/A
Prime Urban Dev,10,2,13-03-2007,,Prime Urba,,#N/A
DeccanChronicle,10,2,13-03-2007,,DeccanChro,,#N/A
Max Financial,10,2,12-03-2007,,Max Financ,,MFSL
Marico,10,1,21-02-2007,,Marico,,#N/A
Gokaldas Export,10,5,08-02-2007,,Gokaldas E,,GOKEX
JIK Industries,1,10,07-02-2007,,JIK Indust,,JIKIND
Paramount Comm,10,2,25-01-2007,,Paramount ,,PARACABLES
Alka Secur,10,2,15-01-2007,,Alka Secur,,#N/A
Pondy Oxides,2,10,15-01-2007,,Pondy Oxid,,#N/A
Jaybharat Text,5,2,09-01-2007,,Jaybharat ,,#N/A
CNI Research,10,1,08-01-2007,,CNI Resear,,#N/A
Finolex Cables,10,2,08-01-2007,,Finolex Ca,,FINCABLES
Birlasoft,5,2,04-01-2007,,Birlasoft,,#N/A
Allied Computer,10,1,19-12-2008,,Allied Com,,#N/A
Jyothy Labs,5,1,12-12-2008,,Jyothy Lab,,JYOTHYLAB
Koffee Break,10,1,08-12-2008,,Koffee Bre,,#N/A
State Bk Travan,100,10,05-12-2008,,State Bk T,,#N/A
Sybly Ind,10,1,02-12-2008,,Sybly Ind,,#N/A
Khyati Multimed,1,10,24-11-2008,,Khyati Mul,,#N/A
Shri Dinesh Mil,100,10,20-11-2008,,Shri Dines,,#N/A
Nectar Life,10,1,12-11-2008,,Nectar Lif,,NECLIFE
Jindal Drilling,10,5,06-11-2008,,Jindal Dri,,JINDRILL
Ratnamani Metal,10,2,06-11-2008,,Ratnamani ,,RATNAMANI
Mobile Tele,10,1,31-10-2008,,Mobile Tel,,#N/A
Time Techno,10,1,29-10-2008,,Time Techn,,TIMETECHNO
Skyline Millars,10,1,27-10-2008,,Skyline Mi,,#N/A
GE T&D India,10,2,22-10-2008,,GE T&D Ind,,GET&D
Country Club,10,2,15-10-2008,,Country Cl,,CCHHL
AIA Engineering,10,2,13-10-2008,,AIA Engine,,AIAENG
State B Bikaner,100,10,07-10-2008,,State B Bi,,#N/A
Provogue,10,2,03-10-2008,,Provogue,,#N/A
Ramco Cements,10,1,01-10-2008,,Ramco Ceme,,#N/A
Take Solutions,10,1,18-09-2008,,Take Solut,,TAKE
Bafna Spinning,10,5,18-09-2008,,Bafna Spin,,#N/A
Hercules Hoists,10,1,17-09-2008,,Hercules H,,HERCULES
Gemini Comm,5,1,17-09-2008,,Gemini Com,,#N/A
Era Infra Eng,10,2,17-09-2008,,Era Infra ,,#N/A
Adinath Bio-Lab,10,1,15-09-2008,,Adinath Bi,,#N/A
AI Champdany,10,5,11-09-2008,,AI Champda,,#N/A
JM Financial,10,1,08-09-2008,,JM Financi,,JMFINANCIL
JTEKT India,2,1,02-09-2008,,JTEKT Indi,,JTEKTINDIA
Mavens Biotech,10,1,25-08-2008,,Mavens Bio,,#N/A
Kokuyo Camlin,10,1,22-08-2008,,Kokuyo Cam,,KOKUYOCMLN
GS Auto,10,5,20-08-2008,,GS Auto,,#N/A
IIFL Finance,10,2,08-08-2008,,IIFL Finan,,IIFL
Vedanta,10,1,08-08-2008,,Vedanta,,#N/A
Graviss Hosp,10,2,04-08-2008,,Graviss Ho,,#N/A
Diana Tea,2,5,30-07-2008,,Diana Tea,,#N/A
Motilal Oswal,5,1,25-07-2008,,Motilal Os,,MOTILALOFS
Hatsun Agro,10,2,17-07-2008,,Hatsun Agr,,HATSUN
Madras Aluminiu,10,2,17-07-2008,,Madras Alu,,#N/A
Tricom India,10,2,15-07-2008,,Tricom Ind,,#N/A
Millennium Cybe,1,10,14-07-2008,,Millennium,,#N/A
Fast Track,1,10,14-07-2008,,Fast Track,,#N/A
AB Money,10,1,11-07-2008,,AB Money,,#N/A
Eastern Silk,10,2,27-06-2008,,Eastern Si,,EASTSILK
MIC Electronics,10,2,27-06-2008,,MIC Electr,,MIC
Tribhuvan House,10,5,02-06-2008,,Tribhuvan ,,#N/A
Cals Refineries,10,1,28-05-2008,,Cals Refin,,#N/A
Dollex Ind,10,5,12-05-2008,,Dollex Ind,,#N/A
Tanla Solutions,2,1,02-05-2008,,Tanla Solu,,TANLA
Evinix,10,1,29-04-2008,,Evinix,,#N/A
Alchemist Real,10,2,25-04-2008,,Alchemist ,,ALCHEM
CenturyPlyboard,10,1,24-04-2008,,CenturyPly,,#N/A
NMDC,10,1,10-04-2008,,NMDC,,#N/A
Shree Renuka,10,1,10-04-2008,,Shree Renu,,RENUKA
Karuturi Global,10,1,04-04-2008,,Karuturi G,,KGL
Crazy Infotech,10,1,28-03-2008,,Crazy Info,,#N/A
Super Tannery,10,2,19-03-2008,,Super Tann,,#N/A
Gandhi Spl Tube,10,5,17-03-2008,,Gandhi Spl,,#N/A
Emco,10,2,14-03-2008,,Emco,,#N/A
Action Const,10,2,13-03-2008,,Action Con,,ACE
Pudumjee Ind,10,2,11-03-2008,,Pudumjee I,,#N/A
Marksans Pharma,10,1,11-03-2008,,Marksans P,,MARKSANS
Bliss GVS,10,1,11-03-2008,,Bliss GVS,,#N/A
PTL Enterprises,10,2,25-02-2008,,PTL Enterp,,PTL
Walchandnagar,10,2,25-02-2008,,Walchandna,,WALCHANNAG
TV18 Broadcast,10,2,21-02-2008,,TV18 Broad,,TV18BRDCST
Triton Corp,2,1,18-02-2008,,Triton Cor,,#N/A
KPT Industries,10,5,14-02-2008,,KPT Indust,,#N/A
Phoenix Mills,10,2,13-02-2008,,Phoenix Mi,,#N/A
GVK Power,10,1,08-02-2008,,GVK Power,,#N/A
Sanwaria Consum,2,1,04-02-2008,,Sanwaria C,,SANWARIA
GFL,2,1,01-02-2008,,GFL,,#N/A
Orient Paper,10,1,01-02-2008,,Orient Pap,,ORIENTPPR
Asian Films,10,1,30-01-2008,,Asian Film,,#N/A
Rajesh Exports,2,1,29-01-2008,,Rajesh Exp,,RAJESHEXPO
Modern India,10,2,25-01-2008,,Modern Ind,,#N/A
City Union Bank,10,1,23-01-2008,,City Union,,CUB
T Spirutual,2,10,23-01-2008,,T Spirutua,,#N/A
Cinevista,10,2,22-01-2008,,Cinevista,,#N/A
Suzlon Energy,10,2,21-01-2008,,Suzlon Ene,,SUZLON
Jindal Steel,5,1,21-01-2008,,Jindal Ste,,JINDALSTEL
Delta Corp,10,1,15-01-2008,,Delta Corp,,DELTACORP
Classic Diamond,10,2,11-01-2008,,Classic Di,,#N/A
GEE,10,2,10-01-2008,,GEE,,#N/A
JagranPrakashan,10,2,09-01-2008,,JagranPrak,,#N/A
Rujul Finance,2,10,31-12-2009,,Rujul Fina,,#N/A
Nu Tek India,10,5,23-12-2009,,Nu Tek Ind,,#N/A
Kanani Ind,10,5,22-12-2009,,Kanani Ind,,KANANIIND
Firstobject Tec,1,10,22-12-2009,,Firstobjec,,#N/A
JK Lakshmi Cem,10,5,17-12-2009,,JK Lakshmi,,JKLAKSHMI
Gennex Labs,10,1,14-12-2009,,Gennex Lab,,#N/A
Jindal Saw,10,2,10-12-2009,,Jindal Saw,,JINDALSAW
Intl Conveyor,10,1,10-12-2009,,Intl Conve,,#N/A
Kwality,10,1,10-12-2009,,Kwality,,#N/A
Munoth Capital,10,5,09-12-2009,,Munoth Cap,,#N/A
Ashco Niulab,10,1,08-12-2009,,Ashco Niul,,#N/A
Flawless Diamon,10,1,03-12-2009,,Flawless D,,#N/A
Vintron Ind,10,1,27-11-2009,,Vintron In,,#N/A
HBL Power,10,1,24-11-2009,,HBL Power,,#N/A
Sigrun Holdings,10,1,19-11-2009,,Sigrun Hol,,#N/A
Allcargo,10,2,19-11-2009,,Allcargo,,#N/A
Hind Nat Glass,10,2,12-11-2009,,Hind Nat G,,#N/A
Allied Digital,10,5,11-11-2009,,Allied Dig,,ADSL
Madhucon Proj,2,1,05-11-2009,,Madhucon P,,MADHUCON
Yantra Natural,10,1,04-11-2009,,Yantra Nat,,#N/A
Vinati Organics,10,2,30-10-2009,,Vinati Org,,VINATIORGA
Baba Arts,4,1,29-10-2009,,Baba Arts,,#N/A
KCL Infrra,100,2,29-10-2009,,KCL Infrra,,#N/A
Sturdy Ind,10,2,29-10-2009,,Sturdy Ind,,#N/A
Educomp Sol,10,2,27-10-2009,,Educomp So,,EDUCOMP
Gammon Infra,10,2,26-10-2009,,Gammon Inf,,GAMMNINFRA
REI Six Ten,10,2,26-10-2009,,REI Six Te,,#N/A
Birla Cotsyn,10,1,23-10-2009,,Birla Cots,,#N/A
FCS Software,10,1,15-10-2009,,FCS Softwa,,FCSSOFT
Trimurthi,10,1,15-10-2009,,Trimurthi,,#N/A
Comfort,10,1,14-10-2009,,Comfort,,#N/A
Marsons,2,10,14-10-2009,,Marsons,,#N/A
Gokul Refoils,10,2,14-10-2009,,Gokul Refo,,GOKUL
Sunteck Realty,10,2,09-10-2009,,Sunteck Re,,SUNTECK
Supertex Ind,10,1,08-10-2009,,Supertex I,,#N/A
Menon Bearings,10,5,08-10-2009,,Menon Bear,,MENONBE
GMR Infra,2,1,01-10-2009,,GMR Infra,,#N/A
Arcotech,2,10,25-09-2009,,Arcotech,,#N/A
SKS,2,10,25-09-2009,,SKS,,#N/A
Falcon Tyres,10,5,25-09-2009,,Falcon Tyr,,#N/A
Winsome Textile,10,1,24-09-2009,,Winsome Te,,#N/A
MVL,10,2,18-09-2009,,MVL,,#N/A
Rajoo Engineers,10,1,17-09-2009,,Rajoo Engi,,#N/A
ILandFS,10,2,16-09-2009,,ILandFS,,#N/A
Ramcoind,10,1,14-09-2009,,Ramcoind,,#N/A
Anjani Synth,10,1,08-09-2009,,Anjani Syn,,#N/A
Veer Energy,10,1,04-09-2009,,Veer Energ,,#N/A
SJ Corporation,10,1,28-08-2009,,SJ Corpora,,#N/A
Zyden Gentec,10,1,27-08-2009,,Zyden Gent,,#N/A
Ashtavinayak,10,1,20-08-2009,,Ashtavinay,,#N/A
ACIL Cotton Ind,10,5,14-08-2009,,ACIL Cotto,,#N/A
KGN Industries,10,1,07-08-2009,,KGN Indust,,#N/A
Austral Coke,10,1,07-08-2009,,Austral Co,,#N/A
Avance Tech,10,1,03-08-2009,,Avance Tec,,#N/A
Radhe Developer,10,1,30-07-2009,,Radhe Deve,,#N/A
Bharti Airtel,10,5,24-07-2009,,Bharti Air,,BHARTIARTL
JMD Ventures,10,1,03-07-2009,,JMD Ventur,,#N/A
Indiaco Venture,10,2,19-06-2009,,Indiaco Ve,,#N/A
Good Luck,10,2,12-06-2009,,Good Luck,,#N/A
Anus Labs,10,1,11-05-2009,,Anus Labs,,#N/A
Alka Secur,2,1,06-05-2009,,Alka Secur,,#N/A
Birla Power Sol,10,1,24-04-2009,,Birla Powe,,#N/A
AMJ Land,10,2,23-03-2009,,AMJ Land,,#N/A
Lincoln Pharma,2,10,19-03-2009,,Lincoln Ph,,LINCOLN
Sarang Chem,10,1,17-03-2009,,Sarang Che,,#N/A
Coral Hub,10,1,27-02-2009,,Coral Hub,,#N/A
Trinethra Infra,10,2,26-02-2009,,Trinethra ,,#N/A
Rei Agro,10,1,05-02-2009,,Rei Agro,,#N/A
Spectacle,10,1,23-01-2009,,Spectacle,,#N/A
Sanraa Media,10,1,20-01-2009,,Sanraa Med,,#N/A
State Bk Mysore,100,10,07-01-2009,,State Bk M,,#N/A
Texmaco Infra,10,1,01-01-2009,,Texmaco In,,TEXINFRA
KEC Intl,10,2,30-12-2010,,KEC Intl,,#N/A
LIC Housing Fin,10,2,30-12-2010,,LIC Housin,,LICHSGFIN
SVC Resources,2,1,29-12-2010,,SVC Resour,,#N/A
Coromandel Int,2,1,23-12-2010,,Coromandel,,COROMANDEL
Surya Pharma,10,1,23-12-2010,,Surya Phar,,#N/A
EID Parry,2,1,23-12-2010,,EID Parry,,#N/A
Balkrishna Ind,10,2,20-12-2010,,Balkrishna,,BALKRISHNA
Tribhuvan House,5,1,13-12-2010,,Tribhuvan ,,#N/A
ACIL Cotton Ind,5,1,09-12-2010,,ACIL Cotto,,#N/A
Sadbhav Engg,10,1,07-12-2010,,Sadbhav En,,SADBHAV
Sun Pharma,5,1,25-11-2010,,Sun Pharma,,SPARC
Greaves Cotton,10,2,24-11-2010,,Greaves Co,,GREAVESCOT
Balaji Amines,10,2,18-11-2010,,Balaji Ami,,BALAMINES
MVL,2,1,16-11-2010,,MVL,,#N/A
Somany Ceramics,10,2,11-11-2010,,Somany Cer,,SOMANYCERA
Oriental Hotels,10,1,10-11-2010,,Oriental H,,ORIENTHOT
JVL Agro Ind,10,1,09-11-2010,,JVL Agro I,,JVLAGRO
Standard Batter,1,1,09-11-2010,,Standard B,,#N/A
Atlanta,10,2,08-11-2010,,Atlanta,,#N/A
Himadri Special,10,1,08-11-2010,,Himadri Sp,,HSCL
Global Cap Mkts,10,1,08-11-2010,,Global Cap,,#N/A
Super Tannery,2,1,04-11-2010,,Super Tann,,#N/A
Nitin Fire Prot,10,2,04-11-2010,,Nitin Fire,,NITINFIRE
Asahi Infra,1,10,03-11-2010,,Asahi Infr,,#N/A
IFL Promoters,10,5,03-11-2010,,IFL Promot,,#N/A
Archies,10,2,02-11-2010,,Archies,,#N/A
Paisalo Digital,2,1,29-10-2010,,Paisalo Di,,PAISALO
JISL,10,2,29-10-2010,,JISL,,#N/A
Prime Focus,10,1,29-10-2010,,Prime Focu,,PFOCUS
Gangotri Iron,10,5,29-10-2010,,Gangotri I,,#N/A
Jain Irrigation,10,2,29-10-2010,,Jain Irrig,,JISLDVREQS
Sintex Ind,2,1,27-10-2010,,Sintex Ind,,SINTEX
Genus Power,10,1,22-10-2010,,Genus Powe,,GENUSPOWER
Sezal Glass,10,1,21-10-2010,,Sezal Glas,,SEZAL
Unichem Labs,5,2,21-10-2010,,Unichem La,,UNICHEMLAB
Parsvnath,10,5,18-10-2010,,Parsvnath,,#N/A
Supreme Ind,10,2,18-10-2010,,Supreme In,,SUPREMEIND
Ram Ratna Wires,10,5,14-10-2010,,Ram Ratna ,,#N/A
Responsive Ind,10,1,08-10-2010,,Responsive,,RESPONIND
Diamant Infra,10,2,07-10-2010,,Diamant In,,#N/A
Rockon Fintech,10,5,06-10-2010,,Rockon Fin,,#N/A
Trimurthi,1,10,04-10-2010,,Trimurthi,,#N/A
Aqua Logistics,10,1,01-10-2010,,Aqua Logis,,#N/A
BL Kashyap,5,1,29-09-2010,,BL Kashyap,,#N/A
Tirupati Sarjan,10,5,28-09-2010,,Tirupati S,,#N/A
Nissan Copper,10,1,27-09-2010,,Nissan Cop,,#N/A
DB (Int) Stock,10,2,24-09-2010,,DB (Int) S,,#N/A
Shree Nath Comm,10,1,24-09-2010,,Shree Nath,,#N/A
Mahalaxmi Rub,10,1,23-09-2010,,Mahalaxmi ,,#N/A
Arihant Capital,10,5,23-09-2010,,Arihant Ca,,#N/A
South Ind Bk,10,1,23-09-2010,,South Ind ,,#N/A
Adani Ports,10,2,23-09-2010,,Adani Port,,ADANIPORTS
Aarya Global,10,1,23-09-2010,,Aarya Glob,,#N/A
Tata Steel BSL,10,2,21-09-2010,,Tata Steel,,TATASTEEL
Ashco Niulab,1,10,21-09-2010,,Ashco Niul,,#N/A
Resurgere Mines,10,1,15-09-2010,,Resurgere ,,#N/A
Astral Poly Tec,10,5,15-09-2010,,Astral Pol,,ASTRAL
Kotak Mahindra,10,5,13-09-2010,,Kotak Mahi,,KOTAKBANK
Kalpataru Power,10,2,08-09-2010,,Kalpataru ,,KALPATPOWR
Britannia,10,2,08-09-2010,,Britannia,,#N/A
Shree Rang Mark,10,5,07-09-2010,,Shree Rang,,#N/A
KCP,10,1,02-09-2010,,KCP,,#N/A
Dhanuka Agritec,10,2,02-09-2010,,Dhanuka Ag,,DHANUKA
Apollo Hospital,10,5,02-09-2010,,Apollo Hos,,APOLLOHOSP
Indian Hume,10,2,30-08-2010,,Indian Hum,,INDIANHUME
Lupin,10,2,27-08-2010,,Lupin,,#N/A
Redington,10,2,20-08-2010,,Redington,,#N/A
HDFC,10,2,18-08-2010,,HDFC,,#N/A
Gemstone Inv,10,1,13-08-2010,,Gemstone I,,#N/A
Jayshree Tea,10,5,13-08-2010,,Jayshree T,,JAYSREETEA
Magma Fincorp,10,2,13-08-2010,,Magma Finc,,MAGMA
Rainbow Papers,10,2,11-08-2010,,Rainbow Pa,,#N/A
Edelweiss,5,1,10-08-2010,,Edelweiss,,#N/A
Farmax India,5,1,03-08-2010,,Farmax Ind,,#N/A
Pratibha Ind,10,2,30-07-2010,,Pratibha I,,#N/A
Luharuka Media,10,1,29-07-2010,,Luharuka M,,#N/A
MMTC Ltd,10,1,29-07-2010,,MMTC Ltd,,#N/A
Emami,2,1,21-07-2010,,Emami,,#N/A
EICL,10,2,07-07-2010,,EICL,,#N/A
Tulip Telecom,10,2,06-07-2010,,Tulip Tele,,#N/A
Kriptol Ind,10,5,02-07-2010,,Kriptol In,,#N/A
Tata Global Bev,10,1,30-06-2010,,Tata Globa,,TATAGLOBAL
Allied Computer,1,10,29-06-2010,,Allied Com,,#N/A
Veritas,10,1,28-06-2010,,Veritas,,#N/A
Chartered Logis,10,1,23-06-2010,,Chartered ,,#N/A
Genesys Int,10,5,23-06-2010,,Genesys In,,GENESYS
Sterlite Ind,2,1,21-06-2010,,Sterlite I,,#N/A
Bodal Chemicals,10,2,10-06-2010,,Bodal Chem,,BODALCHEM
Kabra Extrusion,10,5,17-05-2010,,Kabra Extr,,KABRAEXTRU
EngineersInd,10,5,06-05-2010,,EngineersI,,#N/A
Vipul,2,1,04-05-2010,,Vipul,,#N/A
Manappuram Fin,10,2,03-05-2010,,Manappuram,,MANAPPURAM
Tatia Global,10,1,22-04-2010,,Tatia Glob,,#N/A
Unity Infraproj,10,2,07-04-2010,,Unity Infr,,UNITY
Paisalo Digital,10,2,05-04-2010,,Paisalo Di,,PAISALO
M&M,10,5,29-03-2010,,M&M,,#N/A
Simmonds-Marsha,10,2,29-03-2010,,Simmonds-M,,#N/A
KM Sugar Mills,10,2,26-03-2010,,KM Sugar M,,#N/A
Ipca Labs,10,2,22-03-2010,,Ipca Labs,,#N/A
Murli,10,2,18-03-2010,,Murli,,#N/A
Suprajit Eng,5,1,18-03-2010,,Suprajit E,,SUPRAJIT
LG Balakrishnan,1,10,15-03-2010,,LG Balakri,,LGBBROSLTD
Well Pack Paper,10,1,15-03-2010,,Well Pack ,,#N/A
India Sec,10,1,11-03-2010,,India Sec,,#N/A
Sterlite Techno,5,2,09-03-2010,,Sterlite T,,STRTECH
Vaarad Ventures,10,2,09-03-2010,,Vaarad Ven,,#N/A
JMDE Packaging,10,1,26-02-2010,,JMDE Packa,,#N/A
Basant Agro Tec,10,1,26-02-2010,,Basant Agr,,#N/A
Haldyn Glass,10,1,25-02-2010,,Haldyn Gla,,#N/A
Aishwarya Tele,10,5,24-02-2010,,Aishwarya ,,#N/A
Assoc Stone,10,5,18-02-2010,,Assoc Ston,,#N/A
KRBL,10,1,10-02-2010,,KRBL,,#N/A
CCCL,10,2,10-02-2010,,CCCL,,#N/A
Asian Films,1,10,04-02-2010,,Asian Film,,#N/A
Bajaj Electric,10,2,28-01-2010,,Bajaj Elec,,BAJAJELEC
Farmax India,10,5,27-01-2010,,Farmax Ind,,#N/A
Nakoda,10,5,22-01-2010,,Nakoda,,#N/A
Visagar Polytex,10,1,21-01-2010,,Visagar Po,,VIVIDHA
Winsome Yarns,10,1,21-01-2010,,Winsome Ya,,WINSOME
Mahan Ind,10,1,15-01-2010,,Mahan Ind,,#N/A
Lanco Infratech,10,1,04-01-2010,,Lanco Infr,,#N/A
Munjal Auto Ind,10,2,29-12-2011,,Munjal Aut,,MUNJALAU
Odyssey Corp,10,5,23-12-2011,,Odyssey Co,,#N/A
DPSC,10,1,15-12-2011,,DPSC,,#N/A
Santowin Corp,2,1,01-12-2011,,Santowin C,,#N/A
GFL Financials,10,5,29-11-2011,,GFL Financ,,#N/A
Mah Polybutenes,10,1,14-11-2011,,Mah Polybu,,#N/A
Sezal Glass,1,10,09-11-2011,,Sezal Glas,,SEZAL
Maximaa Systems,10,2,04-11-2011,,Maximaa Sy,,#N/A
Metkore Alloys,10,2,03-11-2011,,Metkore Al,,METKORE
Dynacons Sys,1,10,03-11-2011,,Dynacons S,,DSSL
VIP Industries,10,2,31-10-2011,,VIP Indust,,VIPIND
Innovative Tech,10,1,28-10-2011,,Innovative,,#N/A
Blue Circle Ser,10,1,21-10-2011,,Blue Circl,,#N/A
Best Eastern,10,2,20-10-2011,,Best Easte,,#N/A
Vertex Sec,10,2,17-10-2011,,Vertex Sec,,#N/A
Carborundum,2,1,05-10-2011,,Carborundu,,CARBORUNIV
Paisalo Digital,1,10,04-10-2011,,Paisalo Di,,PAISALO
BHEL,10,2,03-10-2011,,BHEL,,#N/A
Hatsun Agro,2,1,03-10-2011,,Hatsun Agr,,HATSUN
Nissan Copper,1,10,29-09-2011,,Nissan Cop,,#N/A
CRISIL,10,1,28-09-2011,,CRISIL,,#N/A
Tata Power,10,1,26-09-2011,,Tata Power,,TATAPOWER
Khaitan Chem,10,1,14-09-2011,,Khaitan Ch,,#N/A
Tilak Ventures,10,1,13-09-2011,,Tilak Vent,,#N/A
TML-D,10,2,12-09-2011,,TML-D,,#N/A
Tata Motors,10,2,12-09-2011,,Tata Motor,,TATAMOTORS
Banas Finance,10,1,12-09-2011,,Banas Fina,,#N/A
Vaarad Ventures,2,1,09-09-2011,,Vaarad Ven,,#N/A
Supertex Ind,1,10,07-09-2011,,Supertex I,,#N/A
Nelcast,10,2,06-09-2011,,Nelcast,,#N/A
Vijay Textiles,1,10,02-09-2011,,Vijay Text,,#N/A
Walchand People,100,10,30-08-2011,,Walchand P,,#N/A
Rockon Fintech,5,1,25-08-2011,,Rockon Fin,,#N/A
PI Industries,10,5,17-08-2011,,PI Industr,,PIIND
CCL Internation,10,2,17-08-2011,,CCL Intern,,#N/A
Va Tech Wabag,5,2,16-08-2011,,Va Tech Wa,,WABAG
Grauer and Weil,10,1,11-08-2011,,Grauer and,,#N/A
GCV Services,5,1,05-08-2011,,GCV Servic,,#N/A
Winsome Yarns,1,10,04-08-2011,,Winsome Ya,,WINSOME
Winsome Textile,1,10,15-07-2011,,Winsome Te,,#N/A
Rallis India,10,1,15-07-2011,,Rallis Ind,,RALLIS
Oricon Ent,10,2,14-07-2011,,Oricon Ent,,ORICONENT
HDFC Bank,10,2,14-07-2011,,HDFC Bank,,#N/A
Le Waterina,10,1,04-07-2011,,Le Waterin,,#N/A
Titan Company,10,1,23-06-2011,,Titan Comp,,TITAN
Cox & Kings,10,5,21-06-2011,,Cox & King,,CKFSL
Rasoya Protein,10,5,21-06-2011,,Rasoya Pro,,#N/A
Windsor,4,2,16-06-2011,,Windsor,,#N/A
Rain Industries,10,2,15-06-2011,,Rain Indus,,RAIN
LS Industries,10,1,14-06-2011,,LS Industr,,#N/A
Chandni Textile,10,1,06-06-2011,,Chandni Te,,#N/A
Minal Ind,10,2,02-06-2011,,Minal Ind,,#N/A
Volant Tex,10,1,01-06-2011,,Volant Tex,,#N/A
Hindoostan Mill,100,10,25-05-2011,,Hindoostan,,#N/A
Santowin Corp,10,2,16-05-2011,,Santowin C,,#N/A
Bajaj Consumer,5,1,05-05-2011,,Bajaj Cons,,BAJAJCON
Intellivate Cap,10,1,27-04-2011,,Intellivat,,#N/A
Bafna Spinning,5,1,13-04-2011,,Bafna Spin,,#N/A
Nouveau Global,10,1,07-04-2011,,Nouveau Gl,,#N/A
Tuni Textile,10,1,07-04-2011,,Tuni Texti,,#N/A
Dazzel Confi,10,1,31-03-2011,,Dazzel Con,,#N/A
Ador Fontech,10,2,28-03-2011,,Ador Fonte,,#N/A
Exelon Infra,10,5,24-03-2011,,Exelon Inf,,#N/A
NALCO,10,5,15-03-2011,,NALCO,,#N/A
Hind Zinc,10,2,07-03-2011,,Hind Zinc,,#N/A
Gujarat Metal,10,100,04-03-2011,,Gujarat Me,,#N/A
Nicco Parks,10,1,24-02-2011,,Nicco Park,,#N/A
GCV Services,10,5,23-02-2011,,GCV Servic,,#N/A
Visagar Fin,10,2,21-02-2011,,Visagar Fi,,#N/A
Jay Energy,10,2,14-02-2011,,Jay Energy,,#N/A
Glodyne Techno,10,6,10-02-2011,,Glodyne Te,,#N/A
Aurobindo Pharm,5,1,10-02-2011,,Aurobindo ,,AUROPHARMA
ONGC,10,5,08-02-2011,,ONGC,,#N/A
Aurum Soft,10,2,03-02-2011,,Aurum Soft,,#N/A
Coral Hub,1,10,03-02-2011,,Coral Hub,,#N/A
Amrapali Ind,10,5,27-01-2011,,Amrapali I,,#N/A
APM Industries,10,2,27-01-2011,,APM Indust,,#N/A
Rossell India,10,2,20-01-2011,,Rossell In,,ROSSELLIND
Shoppers Stop,10,5,12-01-2011,,Shoppers S,,SHOPERSTOP
Neueon Towers,5,1,10-01-2011,,Neueon Tow,,NTL
Prism Info,10,1,06-01-2011,,Prism Info,,#N/A
Anukaran Commer,10,1,27-12-2012,,Anukaran C,,#N/A
Ujaas Energy,10,1,21-12-2012,,Ujaas Ener,,UJAAS
Global Infra,10,1,13-12-2012,,Global Inf,,#N/A
Setubandhan Inf,10,1,13-12-2012,,Setubandha,,SETUINFRA
Nouveau Global,1,10,10-12-2012,,Nouveau Gl,,#N/A
Guj Narmada Fly,10,5,07-12-2012,,Guj Narmad,,#N/A
Sunbright Stock,10,5,07-12-2012,,Sunbright ,,#N/A
Insta Finance,10,5,06-12-2012,,Insta Fina,,#N/A
Ruby Mills,10,5,22-11-2012,,Ruby Mills,,#N/A
Nacl Industries,10,1,22-11-2012,,Nacl Indus,,NACLIND
Shalimar Paints,10,2,22-11-2012,,Shalimar P,,SHALPAINTS
Bombay Burmah,10,2,08-11-2012,,Bombay Bur,,BBTC
Rockon Fintech,1,10,02-11-2012,,Rockon Fin,,#N/A
Kanani Ind,5,1,01-11-2012,,Kanani Ind,,KANANIIND
Sikozy Realtors,10,1,01-11-2012,,Sikozy Rea,,#N/A
Unno Industries,10,1,01-11-2012,,Unno Indus,,#N/A
SMS Techsoft,10,1,01-11-2012,,SMS Techso,,#N/A
Baroda Extrusio,10,1,31-10-2012,,Baroda Ext,,#N/A
Bombay Dyeing,10,2,30-10-2012,,Bombay Dye,,BOMDYEING
Orissa Minerals,10,1,29-10-2012,,Orissa Min,,#N/A
Amrutanjan Heal,10,2,25-10-2012,,Amrutanjan,,AMRUTANJAN
Dhenu Buildcon,10,1,25-10-2012,,Dhenu Buil,,#N/A
Goenka Diamond,10,1,25-10-2012,,Goenka Dia,,GOENKA
DJS Stock,10,1,23-10-2012,,DJS Stock,,#N/A
Zyden Gentec,1,10,26-09-2012,,Zyden Gent,,#N/A
Amara Raja Batt,2,1,25-09-2012,,Amara Raja,,AMARAJABAT
GSFC,10,2,20-09-2012,,GSFC,,#N/A
KMF Builders,10,5,17-08-2012,,KMF Builde,,#N/A
VTM,10,1,16-08-2012,,VTM,,#N/A
Safal Herbs,10,1,09-08-2012,,Safal Herb,,#N/A
Ajanta Pharma,10,5,09-08-2012,,Ajanta Pha,,AJANTPHARM
Vandana,10,1,02-08-2012,,Vandana,,#N/A
Steelcast,10,5,25-07-2012,,Steelcast,,#N/A
GRUH Finance,10,2,24-07-2012,,GRUH Finan,,#N/A
Zylog Systems,10,5,29-06-2012,,Zylog Syst,,#N/A
KCCL Plastic,10,2,18-06-2012,,KCCL Plast,,#N/A
Resurgere Mines,1,10,14-06-2012,,Resurgere ,,#N/A
Alpha Graphic,10,5,13-06-2012,,Alpha Grap,,#N/A
AVT Natural,10,1,07-06-2012,,AVT Natura,,AVTNPL
Wagend Infra,10,2,06-06-2012,,Wagend Inf,,#N/A
Blazon Marbles,10,2,04-06-2012,,Blazon Mar,,#N/A
Gravita India,10,2,25-05-2012,,Gravita In,,GRAVITA
Indoco Remedies,10,2,17-05-2012,,Indoco Rem,,INDOCO
Arvind Remedies,1,10,14-05-2012,,Arvind Rem,,#N/A
U. Y. Fincorp,10,5,03-05-2012,,U. Y. Finc,,#N/A
IndiaNivesh,10,1,18-04-2012,,IndiaNives,,#N/A
Vakrangee,10,1,12-04-2012,,Vakrangee,,#N/A
Anjani Synth,1,10,28-03-2012,,Anjani Syn,,#N/A
JRI Industries,10,2,21-03-2012,,JRI Indust,,#N/A
Mahan Ind,1,10,09-03-2012,,Mahan Ind,,#N/A
Nandan Denim,1,10,07-03-2012,,Nandan Den,,NDL
Plastiblends,10,5,29-02-2012,,Plastiblen,,PLASTIBLEN
Esaar (India),10,1,21-02-2012,,Esaar (Ind,,#N/A
Radhe Developer,1,10,15-02-2012,,Radhe Deve,,#N/A
Camlin Fine,10,2,15-02-2012,,Camlin Fin,,CAMLINFINE
Symphony,10,2,15-02-2012,,Symphony,,#N/A
Indian Infotech,10,1,02-02-2012,,Indian Inf,,#N/A
Nimbus Ind,10,5,27-01-2012,,Nimbus Ind,,#N/A
Anka Ind,5,10,13-01-2012,,Anka Ind,,#N/A
Confidence Fin,10,1,30-12-2013,,Confidence,,CONFIPET
Universal Sec,10,5,26-12-2013,,Universal ,,UNIVCABLES
KDJ Holidayscap,10,2,26-12-2013,,KDJ Holida,,#N/A
Bonanza Ind,10,5,19-12-2013,,Bonanza In,,#N/A
Aikyam Intellec,10,1,13-12-2013,,Aikyam Int,,#N/A
First Financial,10,1,13-12-2013,,First Fina,,#N/A
CIL Nova Petro,5,10,05-12-2013,,CIL Nova P,,CNOVAPETRO
Kaiser Corp,10,1,22-11-2013,,Kaiser Cor,,#N/A
Pazel Internati,10,1,22-11-2013,,Pazel Inte,,#N/A
Relaxo Footwear,5,1,22-11-2013,,Relaxo Foo,,RELAXO
Godrej Prop,10,5,21-11-2013,,Godrej Pro,,GODREJPROP
Best Eastern,2,1,14-11-2013,,Best Easte,,#N/A
Lifeline Drugs,10,1,13-11-2013,,Lifeline D,,#N/A
Effingo Textile,10,1,13-11-2013,,Effingo Te,,#N/A
Shree Nath Comm,1,10,31-10-2013,,Shree Nath,,#N/A
Centron Ind,10,1,25-10-2013,,Centron In,,#N/A
Ashiana Housing,10,2,24-10-2013,,Ashiana Ho,,ASHIANA
Atharv Ent,10,1,18-10-2013,,Atharv Ent,,#N/A
Federal Bank,10,2,17-10-2013,,Federal Ba,,#N/A
S R K Ind,10,5,11-10-2013,,S R K Ind,,#N/A
Dhanleela,10,2,10-10-2013,,Dhanleela,,#N/A
Rander Corp,10,1,09-10-2013,,Rander Cor,,#N/A
Kyra Landscapes,10,5,30-09-2013,,Kyra Lands,,#N/A
Intel Cap Adv,10,1,30-09-2013,,Intel Cap ,,#N/A
Supremex,10,1,30-09-2013,,Supremex,,#N/A
Ram Minerals,10,1,30-09-2013,,Ram Minera,,#N/A
Mayur Uniquoter,10,5,25-09-2013,,Mayur Uniq,,MAYURUNIQ
Nyssa Corp,10,1,16-09-2013,,Nyssa Corp,,#N/A
Astral Poly Tec,5,2,05-09-2013,,Astral Pol,,ASTRAL
Syncom Formula,10,1,19-08-2013,,Syncom For,,#N/A
CCL Products,10,2,19-08-2013,,CCL Produc,,CCL
Virtual Global,10,1,14-08-2013,,Virtual Gl,,#N/A
Apcotex Ind,10,5,14-08-2013,,Apcotex In,,APCOTEXIND
Neueon Towers,1,10,07-08-2013,,Neueon Tow,,NTL
Asian Paints,10,1,30-07-2013,,Asian Pain,,ASIANPAINT
Kelvin Fincap,10,5,24-07-2013,,Kelvin Fin,,#N/A
IFL Promoters,5,1,11-07-2013,,IFL Promot,,#N/A
Advanta,10,2,05-07-2013,,Advanta,,#N/A
Centrum Capital,10,1,03-07-2013,,Centrum Ca,,CENTRUM
Ashoka Buildcon,10,5,03-07-2013,,Ashoka Bui,,ASHOKA
Westlife Dev,10,2,12-06-2013,,Westlife D,,WESTLIFE
Midland Polymer,10,1,10-06-2013,,Midland Po,,#N/A
Linkson Intl,10,5,06-06-2013,,Linkson In,,#N/A
MSR India,10,5,31-05-2013,,MSR India,,#N/A
Pine Animation,10,1,17-05-2013,,Pine Anima,,#N/A
Mahavir Impex,10,5,17-05-2013,,Mahavir Im,,#N/A
Veronica Prod,10,5,26-04-2013,,Veronica P,,#N/A
Safal Sec,10,5,23-04-2013,,Safal Sec,,#N/A
PI Industries,5,1,12-04-2013,,PI Industr,,PIIND
Shekhawati Poly,10,1,10-04-2013,,Shekhawati,,SPYL
Surabhi Chemica,10,1,10-04-2013,,Surabhi Ch,,#N/A
Sybly Ind,1,10,04-04-2013,,Sybly Ind,,#N/A
Mindvision Cap,5,10,26-03-2013,,Mindvision,,#N/A
Bil Energy,10,1,26-03-2013,,Bil Energy,,BILENERGY
Rasoya Protein,5,1,21-03-2013,,Rasoya Pro,,#N/A
GFL Financials,5,2,18-03-2013,,GFL Financ,,#N/A
Shree Shaleen,10,2,06-03-2013,,Shree Shal,,#N/A
Raj Rayon Ind,10,1,04-03-2013,,Raj Rayon ,,RAJRAYON
VKS Projects,10,1,27-02-2013,,VKS Projec,,#N/A
M&M Financial,10,2,15-02-2013,,M&M Financ,,#N/A
PMC Fincorp,10,5,07-02-2013,,PMC Fincor,,#N/A
Sulabh Engineer,10,1,04-02-2013,,Sulabh Eng,,#N/A
Frontline Sol,10,5,31-01-2013,,Frontline ,,#N/A
Radford Global,10,2,29-01-2013,,Radford Gl,,#N/A
20 Microns,10,5,28-01-2013,,20 Microns,,20MICRONS
ACI Infocom,10,1,23-01-2013,,ACI Infoco,,#N/A
Moryo,10,5,14-01-2013,,Moryo,,#N/A
Global Cap Mkts,1,10,10-01-2013,,Global Cap,,#N/A
Visesh Infotech,10,1,03-01-2013,,Visesh Inf,,VISESHINFO
Apollo Tricoat,10,2,31-12-2014,,Apollo Tri,,#N/A
Info Drive Soft,10,1,24-12-2014,,Info Drive,,#N/A
Shivamshree Bus,10,1,24-12-2014,,Shivamshre,,#N/A
Omansh Ente,10,2,24-12-2014,,Omansh Ent,,#N/A
PNB,10,2,18-12-2014,,PNB,,#N/A
Inceptum Ent,10,1,18-12-2014,,Inceptum E,,#N/A
JK Tyre & Ind,10,2,18-12-2014,,JK Tyre & ,,JKTYRE
Syschem India,1,10,12-12-2014,,Syschem In,,#N/A
ICICI Bank,10,2,04-12-2014,,ICICI Bank,,ICICIBANK
Godfrey Phillip,10,2,28-11-2014,,Godfrey Ph,,GODFRYPHLP
Roto Pumps,10,2,27-11-2014,,Roto Pumps,,#N/A
Classic Global,10,1,27-11-2014,,Classic Gl,,#N/A
Surana Solar,10,5,25-11-2014,,Surana Sol,,SURANASOL
Surana Telecom,5,1,25-11-2014,,Surana Tel,,SURANAT&P
Zen Tech,10,1,21-11-2014,,Zen Tech,,#N/A
Sanguine Media,10,1,20-11-2014,,Sanguine M,,#N/A
Excel Castronic,10,2,20-11-2014,,Excel Cast,,#N/A
SBI,10,1,20-11-2014,,SBI,,#N/A
Solis Marketing,10,1,18-11-2014,,Solis Mark,,#N/A
NCL Research,10,2,17-11-2014,,NCL Resear,,#N/A
Achal Invest,10,1,12-11-2014,,Achal Inve,,#N/A
Shivam Auto,10,2,30-10-2014,,Shivam Aut,,SHIVAMAUTO
GCM Securities,10,1,28-10-2014,,GCM Securi,,#N/A
Kridhan Infra,10,2,27-10-2014,,Kridhan In,,KRIDHANINF
PMC Fincorp,5,1,22-10-2014,,PMC Fincor,,#N/A
Midas Infra,10,1,21-10-2014,,Midas Infr,,#N/A
Sequel e-Router,1,10,17-10-2014,,Sequel e-R,,#N/A
Negotium Int,10,1,16-10-2014,,Negotium I,,#N/A
JBM Auto,10,5,08-10-2014,,JBM Auto,,#N/A
Veronica Prod,5,1,08-10-2014,,Veronica P,,#N/A
Risa Intl,10,2,07-10-2014,,Risa Intl,,#N/A
Sudarshan Chem,10,2,30-09-2014,,Sudarshan ,,SUDARSCHEM
Astral Poly Tec,2,1,25-09-2014,,Astral Pol,,ASTRAL
Mah Corporation,10,1,25-09-2014,,Mah Corpor,,#N/A
La Opala RG,10,2,24-09-2014,,La Opala R,,LAOPALA
Southern Ispat,10,1,22-09-2014,,Southern I,,#N/A
Vertex Spinning,1,10,19-09-2014,,Vertex Spi,,#N/A
Panama Petro,10,2,19-09-2014,,Panama Pet,,PANAMAPET
Atul Auto,10,5,12-09-2014,,Atul Auto,,#N/A
Allied Computer,10,1,11-09-2014,,Allied Com,,#N/A
Alkyl Amines,10,5,08-09-2014,,Alkyl Amin,,ALKYLAMINE
Camlin Fine,2,1,04-09-2014,,Camlin Fin,,CAMLINFINE
JK Bank,10,1,04-09-2014,,JK Bank,,#N/A
PS IT Infra,10,1,03-09-2014,,PS IT Infr,,#N/A
Man Infra,10,2,28-08-2014,,Man Infra,,#N/A
Havells India,5,1,26-08-2014,,Havells In,,HAVELLS
Zodiac Ventures,10,1,21-08-2014,,Zodiac Ven,,#N/A
Mukta Agri,10,1,14-08-2014,,Mukta Agri,,#N/A
Mystic Electr,10,1,14-08-2014,,Mystic Ele,,#N/A
Alps Motor Fin,10,1,04-08-2014,,Alps Motor,,#N/A
Axis Bank,10,2,28-07-2014,,Axis Bank,,#N/A
Swadeshi Ind,10,1,02-07-2014,,Swadeshi I,,#N/A
Orosil Smiths,10,5,26-06-2014,,Orosil Smi,,#N/A
Thacker,5,1,24-06-2014,,Thacker,,#N/A
Deepak Nitrite,10,2,20-06-2014,,Deepak Nit,,DEEPAKNTR
Greencrest Fin,10,1,05-06-2014,,Greencrest,,#N/A
Trinity Trade,10,1,23-05-2014,,Trinity Tr,,#N/A
Rekvina Labs,10,5,30-04-2014,,Rekvina La,,#N/A
Kriptol Ind,5,10,23-04-2014,,Kriptol In,,#N/A
Cubical Fin Ser,10,2,23-04-2014,,Cubical Fi,,#N/A
Matra Kaushal,10,1,23-04-2014,,Matra Kaus,,#N/A
Swagruha Infra,10,1,04-04-2014,,Swagruha I,,#N/A
CHL,10,2,03-04-2014,,CHL,,#N/A
Vikas Ecotech,10,1,27-03-2014,,Vikas Ecot,,VIKASECO
Raj Television,10,5,25-03-2014,,Raj Televi,,RAJTV
Aarya Global,1,10,19-03-2014,,Aarya Glob,,#N/A
Vishvjyoti Trad,10,1,19-03-2014,,Vishvjyoti,,#N/A
Premier Cap,10,1,19-03-2014,,Premier Ca,,#N/A
Atlanta Infra,10,1,14-03-2014,,Atlanta In,,#N/A
Him Teknoforge,10,2,03-03-2014,,Him Teknof,,#N/A
Finkurve Fin,10,1,26-02-2014,,Finkurve F,,#N/A
R Systems Intl,10,1,26-02-2014,,R Systems ,,RSYSTEMS
Sharon Bio Medi,10,2,20-02-2014,,Sharon Bio,,#N/A
Swan Energy,2,1,03-02-2014,,Swan Energ,,SWANENERGY
Sam Leaseco,10,1,29-01-2014,,Sam Leasec,,#N/A
Kaveri Seed,10,2,27-01-2014,,Kaveri See,,KSCL
BS Limited,10,1,21-01-2014,,BS Limited,,#N/A
Mishka Finance,10,1,16-01-2014,,Mishka Fin,,#N/A
Cressanda Sol,10,1,13-01-2014,,Cressanda ,,#N/A
Thacker,10,5,10-01-2014,,Thacker,,#N/A
Maa Jagdambe,10,2,09-01-2014,,Maa Jagdam,,#N/A
Nivyah Infra,10,100,07-01-2014,,Nivyah Inf,,#N/A
Chaman Lal Seti,10,2,29-12-2015,,Chaman Lal,,#N/A
MFL India,10,1,22-12-2015,,MFL India,,#N/A
Indian Terrain,10,2,21-12-2015,,Indian Ter,,INDTERRAIN
SMS Pharma,10,1,17-12-2015,,SMS Pharma,,SMSPHARMA
Setco Auto,10,2,16-12-2015,,Setco Auto,,SETCO
Citizen Yarns,10,5,16-12-2015,,Citizen Ya,,#N/A
Noble Polymers,10,5,16-12-2015,,Noble Poly,,#N/A
Jackson Invt,10,1,15-12-2015,,Jackson In,,#N/A
Khoobsurat,10,1,14-12-2015,,Khoobsurat,,#N/A
J Kumar Infra,10,5,10-12-2015,,J Kumar In,,#N/A
CCL Internation,2,10,04-12-2015,,CCL Intern,,#N/A
Jamna Auto,10,5,03-12-2015,,Jamna Auto,,JAMNAAUTO
Sharp Invest,10,1,02-12-2015,,Sharp Inve,,#N/A
Vivid Global,10,5,02-12-2015,,Vivid Glob,,#N/A
Rander Corp,1,10,26-11-2015,,Rander Cor,,#N/A
Natco Pharma,10,2,26-11-2015,,Natco Phar,,NATCOPHARM
Avanti Feeds,10,2,26-11-2015,,Avanti Fee,,AVANTIFEED
Assoc Stone,5,1,26-11-2015,,Assoc Ston,,#N/A
Vitan Agro,10,1,26-11-2015,,Vitan Agro,,#N/A
Shilpa,2,1,06-11-2015,,Shilpa,,#N/A
Infronics Syst,5,10,05-11-2015,,Infronics ,,#N/A
Mahalaxmi Rub,1,10,05-11-2015,,Mahalaxmi ,,#N/A
Inceptum Ent,1,10,03-11-2015,,Inceptum E,,#N/A
Mahavir Ind,10,5,02-11-2015,,Mahavir In,,#N/A
Diligent Ind,10,5,30-10-2015,,Diligent I,,#N/A
Kesar Petro,10,1,30-10-2015,,Kesar Petr,,#N/A
Quasar India,1,10,29-10-2015,,Quasar Ind,,#N/A
Sarla Performan,10,1,29-10-2015,,Sarla Perf,,SARLAPOLY
Negotium Int,1,10,29-10-2015,,Negotium I,,#N/A
Mudunuru,10,2,15-10-2015,,Mudunuru,,#N/A
Oripro,10,2,15-10-2015,,Oripro,,#N/A
Lambodhara Text,10,5,15-10-2015,,Lambodhara,,LAMBODHARA
Bata India,10,5,07-10-2015,,Bata India,,BATAINDIA
Cadila Health,5,1,06-10-2015,,Cadila Hea,,CADILAHC
Toyam Ind,10,1,05-10-2015,,Toyam Ind,,#N/A
Alankit,10,2,23-09-2015,,Alankit,,#N/A
Samtex Fashions,10,2,22-09-2015,,Samtex Fas,,#N/A
Aegis Logistics,10,1,16-09-2015,,Aegis Logi,,AEGISCHEM
Urja Global,10,1,16-09-2015,,Urja Globa,,URJA
Kushal,10,2,03-09-2015,,Kushal,,#N/A
ITD Cementation,10,1,21-08-2015,,ITD Cement,,ITDCEM
Signet Ind,10,1,17-08-2015,,Signet Ind,,SIGIND
Kausambi Vanij,10,1,14-08-2015,,Kausambi V,,#N/A
High Ground Ent,10,1,16-07-2015,,High Groun,,#N/A
Birdhi Chand,10,1,02-07-2015,,Birdhi Cha,,#N/A
JMT Auto,10,2,25-06-2015,,JMT Auto,,#N/A
ASIS Logistics,100,1,12-06-2015,,ASIS Logis,,#N/A
Fineotex Chem,10,2,11-06-2015,,Fineotex C,,FCL
Sunstar Realty,10,1,04-06-2015,,Sunstar Re,,#N/A
Elpro Int,10,2,04-06-2015,,Elpro Int,,#N/A
Rollatainers,10,2,04-06-2015,,Rollataine,,ROLLT
Kkalpana Ind,10,2,21-05-2015,,Kkalpana I,,#N/A
Shri Mahalaxmi,10,5,18-05-2015,,Shri Mahal,,#N/A
Rasi Electrodes,10,2,11-05-2015,,Rasi Elect,,#N/A
Titagarh Wagons,10,2,23-04-2015,,Titagarh W,,TWL
Indag Rubber,10,2,23-04-2015,,Indag Rubb,,#N/A
Pitti Engineeri,10,5,16-04-2015,,Pitti Engi,,PITTIENG
Arnold Holdings,10,2,16-04-2015,,Arnold Hol,,#N/A
Menon Bearings,5,1,09-04-2015,,Menon Bear,,MENONBE
Millennium,10,1,30-03-2015,,Millennium,,#N/A
KSS,10,1,30-03-2015,,KSS,,#N/A
Rajlaxmi Ind,10,1,27-03-2015,,Rajlaxmi I,,#N/A
Kansai Nerolac,10,1,26-03-2015,,Kansai Ner,,KANSAINER
Panafic Ind,10,1,25-03-2015,,Panafic In,,#N/A
Granules India,10,1,23-03-2015,,Granules I,,GRANULES
Ajanta Pharma,5,2,20-03-2015,,Ajanta Pha,,AJANTPHARM
Tech Mahindra,10,5,19-03-2015,,Tech Mahin,,TECHM
Monotype India,10,1,16-03-2015,,Monotype I,,#N/A
Aplaya Creation,10,1,11-03-2015,,Aplaya Cre,,#N/A
Channel Nine,10,1,02-03-2015,,Channel Ni,,#N/A
Amines Plast,10,2,27-02-2015,,Amines Pla,,#N/A
Hikal,10,2,27-02-2015,,Hikal,,#N/A
Grandma Trading,10,1,26-02-2015,,Grandma Tr,,#N/A
Bala Techno,10,1,25-02-2015,,Bala Techn,,#N/A
HPC Bio,10,1,20-02-2015,,HPC Bio,,#N/A
Zyden Gentec,10,2,18-02-2015,,Zyden Gent,,#N/A
Yamini Invt,10,1,18-02-2015,,Yamini Inv,,#N/A
Quasar India,10,1,12-02-2015,,Quasar Ind,,#N/A
Esteem Bio,10,1,11-02-2015,,Esteem Bio,,#N/A
Him Fibres,10,1,09-02-2015,,Him Fibres,,#N/A
Poly Medicure,10,5,02-02-2015,,Poly Medic,,POLYMED
Tata Coffee,10,1,23-01-2015,,Tata Coffe,,TATACOFFEE
Corporation Bk,10,2,22-01-2015,,Corporatio,,CORPBANK
Bank of Baroda,10,2,22-01-2015,,Bank of Ba,,BANKBARODA
RS Software,10,5,21-01-2015,,RS Softwar,,#N/A
Berger Paints,2,1,08-01-2015,,Berger Pai,,BERGEPAINT
Eco Friendly,10,1,08-01-2015,,Eco Friend,,#N/A
Hathway Cable,10,2,06-01-2015,,Hathway Ca,,HATHWAY
Minda Corp,10,2,05-01-2015,,Minda Corp,,MINDACORP
Gulshan Poly,5,1,27-12-2016,,Gulshan Po,,GULPOLY
Shree Global,5,1,21-12-2016,,Shree Glob,,#N/A
TTI Enterprise,2,10,21-12-2016,,TTI Enterp,,#N/A
Alankit,2,1,15-12-2016,,Alankit,,#N/A
KNR Construct,10,2,13-12-2016,,KNR Constr,,KNRCON
Satkar Finlease,10,1,08-12-2016,,Satkar Fin,,#N/A
Chandni Textile,1,10,08-12-2016,,Chandni Te,,#N/A
Sunil HitechEng,10,1,01-12-2016,,Sunil Hite,,#N/A
Veerhealth Care,1,10,29-11-2016,,Veerhealth,,#N/A
Mangalam Ind,10,1,29-11-2016,,Mangalam I,,#N/A
KPR Mill,10,5,29-11-2016,,KPR Mill,,#N/A
Capri Global,10,2,23-11-2016,,Capri Glob,,CGCL
Karur Vysya,10,2,17-11-2016,,Karur Vysy,,KARURVYSYA
Indo Count,10,2,11-11-2016,,Indo Count,,ICIL
Inani Marbles,10,2,10-11-2016,,Inani Marb,,#N/A
Vama Ind,10,2,02-11-2016,,Vama Ind,,#N/A
Gold Line,10,1,28-10-2016,,Gold Line,,#N/A
Bhageria Indu,10,5,26-10-2016,,Bhageria I,,BHAGERIA
Viji Finance,10,1,25-10-2016,,Viji Finan,,VIJIFIN
Negotium Int,10,1,25-10-2016,,Negotium I,,#N/A
VKJ Infra,10,1,25-10-2016,,VKJ Infra,,#N/A
Menon Pistons,10,1,20-10-2016,,Menon Pist,,#N/A
Welcon Internat,10,1,20-10-2016,,Welcon Int,,#N/A
Caplin Labs,10,2,19-10-2016,,Caplin Lab,,#N/A
Srestha Finvest,10,2,13-10-2016,,Srestha Fi,,#N/A
Safal Sec,5,10,13-10-2016,,Safal Sec,,#N/A
Gyscoal Alloys,10,1,13-10-2016,,Gyscoal Al,,GAL
Pact Industries,10,1,10-10-2016,,Pact Indus,,#N/A
8K Miles Soft,10,5,10-10-2016,,8K Miles S,,#N/A
Grasim,10,2,06-10-2016,,Grasim,,#N/A
Diamond Info,10,1,04-10-2016,,Diamond In,,#N/A
Kajaria Ceramic,2,1,04-10-2016,,Kajaria Ce,,KAJARIACER
Rollatainers,2,1,22-09-2016,,Rollataine,,ROLLT
JMT Auto,2,1,21-09-2016,,JMT Auto,,#N/A
Minda Ind,10,2,12-09-2016,,Minda Ind,,#N/A
Trent,10,1,12-09-2016,,Trent,,#N/A
Mishtann Foods,10,1,08-09-2016,,Mishtann F,,#N/A
HICS Cements,10,1,08-09-2016,,HICS Cemen,,#N/A
Bajaj Finance,10,2,08-09-2016,,Bajaj Fina,,BAJFINANCE
Chembond Chem,10,5,06-09-2016,,Chembond C,,CHEMBOND
V-Guard Ind,10,1,30-08-2016,,V-Guard In,,VGUARD
Pil Italica,4,1,24-08-2016,,Pil Italic,,PILITA
PNC Infratech,10,2,12-08-2016,,PNC Infrat,,PNCINFRA
Kesar Terminals,10,5,11-08-2016,,Kesar Term,,KTIL
Bombay Wire Rop,10,1,09-08-2016,,Bombay Wir,,#N/A
Lloyds Metals,2,1,26-07-2016,,Lloyds Met,,#N/A
Solar Ind,10,2,13-07-2016,,Solar Ind,,#N/A
Lux Industries,10,2,06-06-2016,,Lux Indust,,LUXIND
NBCC (India),10,2,02-06-2016,,NBCC (Indi,,NBCC
Transcorp Intl,10,2,13-05-2016,,Transcorp ,,#N/A
PS IT Infra,1,10,11-05-2016,,PS IT Infr,,#N/A
Amba Enterprise,10,5,09-05-2016,,Amba Enter,,#N/A
Palred Tech,5,10,26-04-2016,,Palred Tec,,PALREDTEC
ABM Knowledg,10,5,07-04-2016,,ABM Knowle,,#N/A
Adithya Aqua,10,5,06-04-2016,,Adithya Aq,,#N/A
Blue Cloud,10,5,06-04-2016,,Blue Cloud,,#N/A
Vivimed Labs,10,2,06-04-2016,,Vivimed La,,VIVIMEDLAB
Uttam Value,5,1,28-03-2016,,Uttam Valu,,UVSL
Veer Energy,1,10,22-03-2016,,Veer Energ,,#N/A
Synthiko Foils,10,5,22-03-2016,,Synthiko F,,#N/A
Welspun India,10,1,21-03-2016,,Welspun In,,WELINV
Precision Wires,10,5,21-03-2016,,Precision ,,PRECAM
Tide Water Oil,10,5,16-03-2016,,Tide Water,,TIDEWATER
Rama Steel Tube,10,5,14-03-2016,,Rama Steel,,RAMASTEEL
Prakash Steelag,10,1,03-03-2016,,Prakash St,,PRAKASHSTL
Bhandari Hosier,10,1,25-02-2016,,Bhandari H,,BHANDARI
Sequent Scienti,10,2,25-02-2016,,Sequent Sc,,SEQUENT
Vegetable Prod,10,1,18-02-2016,,Vegetable ,,#N/A
Mold-Tek Pack,10,5,17-02-2016,,Mold-Tek P,,MOLDTKPAC
Mold Tek Tech,10,2,17-02-2016,,Mold Tek T,,#N/A
Mystic Electr,1,10,08-02-2016,,Mystic Ele,,#N/A
Netlink Sol,1,10,28-01-2016,,Netlink So,,#N/A
Mukta Agri,1,10,14-01-2016,,Mukta Agri,,#N/A
Stampede Cap,10,1,07-01-2016,,Stampede C,,SCAPDVR
Greenply Ind,5,1,06-01-2016,,Greenply I,,GREENPLY
Confidence Fin,1,10,27-12-2017,,Confidence,,CONFIPET
Jindal Worldwid,10,5,26-12-2017,,Jindal Wor,,JINDWORLD
Premier Pipes,10,5,22-12-2017,,Premier Pi,,#N/A
Advik Capital,10,1,14-12-2017,,Advik Capi,,#N/A
JMD Ventures,1,10,04-12-2017,,JMD Ventur,,#N/A
Universal Sec,5,1,04-12-2017,,Universal ,,UNIVCABLES
Akar Auto Indus,10,5,29-11-2017,,Akar Auto ,,#N/A
Esaar (India),1,10,10-11-2017,,Esaar (Ind,,#N/A
IGL,10,2,09-11-2017,,IGL,,#N/A
Jagdamba Polyme,10,1,01-11-2017,,Jagdamba P,,#N/A
Atlas Cycles,10,5,30-10-2017,,Atlas Cycl,,ATLASCYCLE
BAMPSL Sec,1,10,26-10-2017,,BAMPSL Sec,,#N/A
Siyaram Silk,10,2,25-10-2017,,Siyaram Si,,SIYSIL
Vishal Fabrics,10,5,24-10-2017,,Vishal Fab,,VISHAL
Blue Circle Ser,1,10,23-10-2017,,Blue Circl,,#N/A
Pokarna,10,2,18-10-2017,,Pokarna,,#N/A
Dwekam Industri,1,10,16-10-2017,,Dwekam Ind,,#N/A
Can Fin Homes,10,2,12-10-2017,,Can Fin Ho,,CANFINHOME
Heritage Foods,10,5,10-10-2017,,Heritage F,,HERITGFOOD
Jamna Auto,5,1,05-10-2017,,Jamna Auto,,JAMNAAUTO
IND Renewable,1,10,29-09-2017,,IND Renewa,,#N/A
Everlon Synth,1,10,29-09-2017,,Everlon Sy,,#N/A
Transformers,10,1,28-09-2017,,Transforme,,TRIL
Trans & Electr,10,1,28-09-2017,,Trans & El,,#N/A
Elpro Int,2,1,27-09-2017,,Elpro Int,,#N/A
Sutlej Textiles,10,1,26-09-2017,,Sutlej Tex,,SUTLEJTEX
Safari Ind,10,2,22-09-2017,,Safari Ind,,SAFARI
Yes Bank,10,2,21-09-2017,,Yes Bank,,#N/A
NESCO,10,2,15-09-2017,,NESCO,,#N/A
Borosil Glass,10,1,14-09-2017,,Borosil Gl,,BOROSIL
Deccan Cements,10,5,11-09-2017,,Deccan Cem,,DECCANCE
Infibeam Avenue,10,1,31-08-2017,,Infibeam A,,INFIBEAM
Dollar Ind,10,2,31-08-2017,,Dollar Ind,,DOLLAR
Banas Finance,1,10,29-08-2017,,Banas Fina,,#N/A
Orosil Smiths,5,1,24-08-2017,,Orosil Smi,,#N/A
Global Infra,1,10,23-08-2017,,Global Inf,,#N/A
Dwarikesh Sugar,10,1,10-08-2017,,Dwarikesh ,,DWARKESH
Coral India Fin,10,2,03-08-2017,,Coral Indi,,CORALFINAC
Sai Baba Invest,10,1,27-07-2017,,Sai Baba I,,#N/A
Sunteck Realty,2,1,25-07-2017,,Sunteck Re,,SUNTECK
Navin Fluorine,10,2,19-07-2017,,Navin Fluo,,NAVINFLUOR
Arcotech,10,2,22-06-2017,,Arcotech,,#N/A
SKS,10,2,22-06-2017,,SKS,,#N/A
Advanced Enzyme,10,2,25-05-2017,,Advanced E,,ADVENZYMES
Hind Composites,10,5,25-05-2017,,Hind Compo,,#N/A
Mangal Credit,10,1,17-05-2017,,Mangal Cre,,#N/A
HICS Cements,1,10,05-05-2017,,HICS Cemen,,#N/A
Mishtann Foods,1,10,05-05-2017,,Mishtann F,,#N/A
Beardsell,10,2,04-05-2017,,Beardsell,,#N/A
Dwekam Industri,10,1,28-04-2017,,Dwekam Ind,,#N/A
BLS Internation,10,1,26-04-2017,,BLS Intern,,BLS
Avance Tech,1,10,24-04-2017,,Avance Tec,,#N/A
Maral Finance,1,10,13-04-2017,,Maral Fina,,#N/A
Ontic Finserve,1,10,13-04-2017,,Ontic Fins,,#N/A
Veronica Prod,1,10,23-03-2017,,Veronica P,,#N/A
SVC Resources,1,10,23-03-2017,,SVC Resour,,#N/A
Bharat Elec,10,1,16-03-2017,,Bharat Ele,,BEL
Viaan Ind,10,1,09-03-2017,,Viaan Ind,,#N/A
Aadhaar Venture,1,10,02-03-2017,,Aadhaar Ve,,#N/A
Nutraplus India,10,5,27-02-2017,,Nutraplus ,,#N/A
Dwitiya Trading,10,2,17-02-2017,,Dwitiya Tr,,#N/A
Allied Computer,1,10,17-02-2017,,Allied Com,,#N/A
Compuage Info,10,2,16-02-2017,,Compuage I,,COMPINFO
Gayatri Project,10,2,10-02-2017,,Gayatri Pr,,GAYAPROJ
LT Foods,10,1,07-02-2017,,LT Foods,,#N/A
Rasoi,10,200,02-02-2017,,Rasoi,,#N/A
Khemani Distrib,10,5,02-02-2017,,Khemani Di,,#N/A
Kallam Spinning,10,2,02-02-2017,,Kallam Spi,,#N/A
Ushdev Intl,10,1,30-01-2017,,Ushdev Int,,#N/A
Sanguine Media,1,10,19-01-2017,,Sanguine M,,#N/A
Sterling Tools,10,2,09-01-2017,,Sterling T,,STERTOOLS
JSW Steel,10,1,04-01-2017,,JSW Steel,,#N/A
Sayaji Industri,10,5,27-12-2018,,Sayaji Ind,,#N/A
ORIENTAL AROMAT,10,5,13-12-2018,,ORIENTAL A,,OAL
Britannia,2,1,29-11-2018,,Britannia,,#N/A
Mangal Credit,1,10,26-11-2018,,Mangal Cre,,#N/A
Brijlaxmi Lease,1,10,15-11-2018,,Brijlaxmi ,,#N/A
Oriental Veneer,10,1,14-11-2018,,Oriental V,,#N/A
SEL,10,1,12-11-2018,,SEL,,#N/A
KIC Metaliks,10,2,02-11-2018,,KIC Metali,,#N/A
Mishtann Foods,10,1,01-11-2018,,Mishtann F,,#N/A
HICS Cements,10,1,01-11-2018,,HICS Cemen,,#N/A
DFM Foods,10,2,01-11-2018,,DFM Foods,,#N/A
Jindal Worldwid,5,1,31-10-2018,,Jindal Wor,,JINDWORLD
Damodar Ind,10,5,25-10-2018,,Damodar In,,DAMODARIND
Frontline Sec,10,5,22-10-2018,,Frontline ,,#N/A
Colorchips New,1,10,22-10-2018,,Colorchips,,#N/A
IEX,10,1,19-10-2018,,IEX,,#N/A
Apollo Sindoori,10,5,12-10-2018,,Apollo Sin,,APOLSINHOT
Unimode Oversea,1,10,11-10-2018,,Unimode Ov,,#N/A
JMC Projects,10,2,04-10-2018,,JMC Projec,,JMCPROJECT
Kirloskar Pneum,10,2,26-09-2018,,Kirloskar ,,KECL
Captain Poly,10,2,19-09-2018,,Captain Po,,#N/A
Generic Eng,10,5,17-09-2018,,Generic En,,#N/A
Zensar Tech,10,2,07-09-2018,,Zensar Tec,,ZENSARTECH
Thirumalai Chem,10,1,14-08-2018,,Thirumalai,,TIRUMALCHM
Airan,10,2,14-08-2018,,Airan,,#N/A
Signet Ind,1,10,13-08-2018,,Signet Ind,,SIGIND
Fermenta Bio,10,5,08-08-2018,,Fermenta B,,#N/A
Gallantt Ispat,10,1,07-08-2018,,Gallantt I,,GALLISPAT
Otco Intl,10,2,10-07-2018,,Otco Intl,,#N/A
Shrenik,10,2,09-07-2018,,Shrenik,,#N/A
Filatex India,10,2,27-06-2018,,Filatex In,,FILATEX
Container Corp,10,5,26-06-2018,,Container ,,CONCOR
Avanti Feeds,2,1,26-06-2018,,Avanti Fee,,AVANTIFEED
Uniply Ind,10,2,25-06-2018,,Uniply Ind,,UNIPLY
Vikas Proppant,10,1,22-06-2018,,Vikas Prop,,VIKASPROP
United Spirits,10,2,15-06-2018,,United Spi,,MCDOWELL-N
Swadeshi Ind,1,10,14-06-2018,,Swadeshi I,,#N/A
B C Power Contr,10,2,14-06-2018,,B C Power ,,#N/A
Lumax Auto Tech,10,2,07-06-2018,,Lumax Auto,,LUMAXTECH
Gaekwar Mills,100,10,31-05-2018,,Gaekwar Mi,,#N/A
Gala Global Prd,10,5,10-05-2018,,Gala Globa,,#N/A
Citurgia Bioche,10,2,26-04-2018,,Citurgia B,,#N/A
NBCC (India),2,1,25-04-2018,,NBCC (Indi,,NBCC
A Infra.,10,5,20-04-2018,,A Infra.,,#N/A
Foods and Inns,10,1,19-04-2018,,Foods and ,,#N/A
Shivalik Rasa,10,5,19-04-2018,,Shivalik R,,#N/A
Phillips Carbon,10,2,19-04-2018,,Phillips C,,PHILIPCARB
Think Ink Studi,10,1,17-04-2018,,Think Ink ,,#N/A
Amrutanjan Heal,2,1,13-04-2018,,Amrutanjan,,AMRUTANJAN
Atharv Ent,1,10,12-04-2018,,Atharv Ent,,#N/A
KCD Industries,10,5,10-04-2018,,KCD Indust,,#N/A
Marathon Realty,10,5,05-04-2018,,Marathon R,,#N/A
India Nippon,10,5,21-03-2018,,India Nipp,,INDNIPPON
SRS Finance,10,1,09-02-2018,,SRS Financ,,#N/A
Singer India,10,2,17-01-2018,,Singer Ind,,#N/A
Super Crop Safe,10,2,04-01-2018,,Super Crop,,#N/A
Trident,10,1,13-12-2019,,Trident,,#N/A
Rammaica,10,5,28-11-2019,,Rammaica,,#N/A
Guj Cotex,10,5,22-11-2019,,Guj Cotex,,#N/A
Himalaya Granit,10,5,08-11-2019,,Himalaya G,,#N/A
IST Ltd,10,5,01-11-2019,,IST Ltd,,#N/A
Amalgamated Ele,10,5,24-10-2019,,Amalgamate,,#N/A
Satia Ind,10,1,15-10-2019,,Satia Ind,,#N/A
PG Industry,10,5,14-10-2019,,PG Industr,,#N/A
HDFC Bank,2,1,19-09-2019,,HDFC Bank,,#N/A
Prime Industrie,10,5,12-09-2019,,Prime Indu,,#N/A
Master Trust,10,5,26-08-2019,,Master Tru,,#N/A
Seshasayee Pape,10,2,19-08-2019,,Seshasayee,,SESHAPAPER
Sinnar Bidi,10,5,30-07-2019,,Sinnar Bid,,#N/A
Apcotex Ind,5,2,04-07-2019,,Apcotex In,,APCOTEXIND
Ekam Leasing,10,5,14-06-2019,,Ekam Leasi,,#N/A
Cholamandalam,10,2,14-06-2019,,Cholamanda,,CHOLAFIN
Jullundur Motor,10,2,14-05-2019,,Jullundur ,,JMA
Orient Trade,10,2,07-05-2019,,Orient Tra,,#N/A
Madhav Copper,10,5,02-05-2019,,Madhav Cop,,#N/A
Dhanleela,2,5,12-04-2019,,Dhanleela,,#N/A
Generic Pharmas,10,1,11-04-2019,,Generic Ph,,#N/A
Lesha Ind,10,1,11-04-2019,,Lesha Ind,,#N/A
Woodsvilla,10,5,04-04-2019,,Woodsvilla,,#N/A
ISGEC Heavy Eng,10,1,28-03-2019,,ISGEC Heav,,#N/A
Sai Baba Invest,1,10,28-03-2019,,Sai Baba I,,#N/A
Kedia Construct,10,5,14-03-2019,,Kedia Cons,,#N/A
Nitin Castings,10,5,14-03-2019,,Nitin Cast,,#N/A
ISL Consulting,10,5,08-03-2019,,ISL Consul,,#N/A
Jam Shri Ranjit,10,1000,21-02-2019,,Jam Shri R,,#N/A
Music Broadcast,10,2,20-02-2019,,Music Broa,,RADIOCITY
The Indian Wood,10,2,15-02-2019,,The Indian,,INDHOTEL
Sadhana Nitro,10,5,29-01-2019,,Sadhana Ni,,#N/A
Comfort,1,10,24-01-2019,,Comfort,,#N/A
Gujarat Gas,10,2,15-01-2019,,Gujarat Ga,,GUJGASLTD
Acrysil India,10,2,10-01-2019,,Acrysil In,,#N/A
